mol solvent,mol solute,target Gsolv kcal
CC(C)(C)Cl,OC(CC(O)=O)C(O)=O,-10.201946866263867
ClC(Cl)Cl,CC1CCCC(=O)C1=O,-9.364996633769927
CCOC(=O)c1ccccc1C(OCC)=O,OC(C1CCC1)=O,-6.132919316905194
CCCCC(CC)=O,CC32CCCC(C)(C2CC=C(CC1(C)C=C)C3CC1)C(O)=O,-13.048887219663351
FCCCCCCCC,CCCCCCCOC(=O)c1ccccc1C(OCCCCCCCCC)=O,-20.483137410258642
COC(CC#N)=O,COC(C(O)(C)C)=O,-4.871905248547844
CCCCN(CCCC)CCCC,OCC(C)=O,-10.248993076102646
CCNCC,CCCCCC(CC)OC(C)=O,-9.241972405860265
CCC(C)=C,CC(C)CCOC(=O)C=Cc1ccccc1,-10.084324519703362
CI,O=C3OC(C2C3C1C=CC2C1)=O,-8.908268122593649
CCOc1ccccc1,O=C1C=CC(O1)=C,-5.352179279666637
OCCCCCCCCCCCC,CC(C)C1CC2C(CC1C=C2C)C=O,-6.884898512671871
CCCCCN(CCCCC)CCCCC,CCOC(CO)=O,-3.7672288660699103
CCCCNCCCC,CC(CCCCC(C)=O)=O,-6.164058099960672
BrC(Br)C(Br)Br,CC1(C)OC(CC(O1)=O)=O,-9.862585643745216
CC(C)(C)CC(C)CC(C)(C)CC(C)(C)C,O=CCOc1ccccc1,-5.554202402490328
NCc1ccccc1,CC(C)CC(CC(C)C=C)=O,-6.1017710666349805
C=Cc1ccccc1,CC(C)C(O)C(C)(C)COC(C(C)C)=O,-8.601022476933199
NCCCN(C)C,CCCC(OC=C)=O,-7.722271428459008
CN(=O)=O,CCOCCOC(=O)C=C,-7.508893216902397
CC(Br)Br,CCC(C)(CCC=C(C)C)OC(C)=O,-9.970723233378074
CCNC(C)=O,CCOC(CCC(O)=O)=O,-9.968533522299218
CC(C)C(C)C,CC(C)(C)c1ccc(C(C)=O)cc1,-7.854149729726428
BrC(Br)Br,OC=O,-3.699157364540744
CCBr,CC(CCOC(CC)=O)CCC=C(C)C,-10.429341010789097
OCCC,CCC1OC(C)=C(O)C1=O,-9.995899341835054
COCCOCCOC,OC(=O)c1c(C)cccc1C,-10.352317700832401
CCCCC(CO)CC,CC(C)(C1CCCCC1)CC(C)=O,-7.023554225900039
CCN(CC)C(C)=O,O=CC2CC3C1CCCC1C2C3,-10.244929691848611
CCOC(=O)c1ccccc1C(OCC)=O,CC2(C)CC(=O)C=C(C)C21OC(C)=CC1,-7.028421488064125
CC(C)N(=O)=O,COc1cc(CC(O)=O)ccc1,-10.0728026409226
OCC(O)CC,CCCCCCCCCOC(C)=O,-8.72310416008168
OCCCCCCCCCC,OC1=C(O)C(=O)C(=O)C1=O,-14.549040852454043
CCCCc1ccccc1,CCCC(OC(C)(C)Cc1ccccc1)=O,-10.016928531790333
COC(OC)=O,O=O,-3.6808945504207156
CC(C)CCCC(C)CCCC(C)CCCCC(C)CCCC(C)CCCC(C)C,COC1=C2C=CC(=O)OC2=CC2=C1C=CO2,-8.988363543732058
O(c2ccccc2)c1ccccc1,OC(=O)C(Cc1ccccc1)=O,-8.477433279061813
CC(CC(C)=O)=O,CCOC(C1(CC3C2)CC(C3)CC2C1)=O,-8.583571337253005
CCCCCCCCCCCC,CC2=COc1ccccc1C2=O,-9.366144394332878
OCC(O)C,O=C1CCCCCCCCCCCCCCO1,-9.17801524447621
CCCN(=O)=O,CC(C)COC(=O)C(C)=C,-7.304027702078077
CN1CCCCC1=O,CCOC(=O)Cc1ccccc1,-7.464099368828224
CC(C)CCCC(C)CCCC(C)CCCCC(C)CCCC(C)CCCC(C)C,CC(OC2CC1CCCCC1CC2)=O,-8.654836353070497
CCCCCN(CCCCC)CCCCC,CC1CCCC(=O)C1=O,-3.3758575502685915
COCCOC,COCC(C)OC(CC)=O,-5.7375745553898305
Brc1ccccc1,O=C1CCC1,-5.086285314181479
C#N,OC(=O)c1ccccc1C,-9.562533132151405
CCCCCCCCCCCCCCCC,CC(C)(C)C(=O)c1ccccc1,-7.600377140472793
O1CCCC1,CC(C)C(=O)C(C)=O,-7.976190481093553
n1ccccc1,CC(C)COC(=O)C(C)=CC,-7.616923604250749
CSC,CCOC(=O)c(cc1)ccc1C,-9.885930681493328
COCCO,COc2cc(ccc2)C=C(C(CC1C3C)C1(C)C)C3=O,-13.555379744829235
OC(C)=O,CCc1ccc(C(C)=O)cc1,-9.550002438106311
Cc1ncccc1C,CCCC2C1C=CC(C1)C2C=O,-8.544517962678535
CCN(CC)C(C)=O,COc1ccc(C(O)=O)cc1,-10.822841057668473
CC=O,CCC1OC(C)=C(O)C1=O,-8.291525026403129
CN(C)P(=O)(N(C)C)N(C)C,CCOC(C(O)C)=O,-7.606144344931749
CCC(C)Cl,CCOC(OCC)=O,-7.875200360138609
CCI,CCCCOC(=O)C=C,-7.554775794671168
CI,CC2(C)CCCC(CC1)=C2CC1C=O,-9.823673442049301
CC1OC1,CCCCCCC(CCCCCC)=O,-9.69521948804126
ICI,COC(C)COC(C)COC(C)=O,-9.622843466729794
NCCCN,CCCCCCC(CCO)=O,-9.445460719388043
CCCCCC,CCCC(OC=C)=O,-4.560267372145043
CCN(=O)=O,OC(C)(C)CC(C)=O,-5.884133722237301
CCOc1ccccc1,CCCCCCCCCCCCCC(OO)=O,-12.91072555930123
COCCO,CC(CCOCC=O)CCC=C(C)C,-10.37378878695784
N#Cc1ccccc1,CCC=CCCOC(=O)Cc1ccccc1,-11.634917714905733
OCCCCCCCCC,CCOC(CC=C(C)CCC=C(C)C)=O,-9.43679626877249
CCCCCC,CCCCCC=CCC=CCCCCCCCC(OCC)=O,-15.219508721584349
NCCCN,CC(C)=CC=O,-6.880796981111403
OCc1ccccc1,CC(C)C(OCc1ccccc1)=O,-10.093177757718644
O=S=O,CCOC(=O)c1ccc(C)cc1O,-9.93680999951007
CCOC(CCC)=O,COC(=O)c(ccc1O)c(O)c1C,-10.098337111302074
CC(Cl)(Cl)Cl,OC(C)(C)CC(CC(O)(C)C)=O,-7.696950527306071
OC(C)C,O=C1C2CCC1CC2,-8.36591561532084
OCCS,OC(CCCCC(O)=O)=O,-9.153921182974013
FC(F)(F)C(F)(F)C(F)(F)C(F)(F)C(F)(F)C(F)(F)C(F)(F)C(F)(F)F,CCC(C)OC=O,-1.952340411658989
CCOC(CCC)=O,CC(C)CCC(OCC)=O,-8.000854246164842
CCCC,OC(=O)c(ccc1)cc1O,-8.111693611814754
C(c2ccccc2)c1ccccc1,CC(=O)c1occc1O,-8.015418163798156
CCC1OC1,CC1CCC2C1(CCC3(C)OC(C)=O)CC3C2(C)C,-10.183322905746424
OCCCl,CCCCCCCCCC(C)=O,-7.387581441069916
ClB(Cl)Cl,CCOC(C1CCCC1=O)=O,-9.242261991252178
Cc1nc(C)ccc1,COC(=O)c1cc(C(OC)=O)ccc1,-9.450033662552848
FCCCCCCCC,OC(C)COC(=O)C=C,-8.42140964362622
CCCCCCCCCC,COC(=O)c1cc(C(OC)=O)ccc1,-7.658046400587432
CCN(=O)=O,C=CCC(C=O)c1ccccc1,-8.985375245245503
CN1CCCC1,CC(C)C2CC1C=C(C)C2CC1C(C)=O,-8.715296213952211
CC(C)CCCC(C)CCCC(C)CCCCC(C)CCCC(C)CCCC(C)C,CC=CC=CC(O)=O,-7.9791876898998595
CC=O,CC(OC(C)=O)C=C,-6.74939148368578
Cc2c1ccccc1ccc2,COC(=O)c(cc1)ccc1OC,-7.348286930967179
OC(C)=O,CCC(C)OC=O,-5.0322943454391265
COC(C)(C)C,CC(CCOC(CC)=O)CCC=C(C)C,-12.907888248967335
CC(C)CC(C)C,CC(CCCCC(C)=O)=O,-5.873111656705082
CCCCCC,CCC(C)(C)OC(C)=O,-4.672252270777969
OCCOCCOCCOCCCC,O=C,-1.910645684173275
OCCN,OCC(O)COC(C)=O,-10.534972851439425
OCC(C)C,O=CC1CCCO1,-6.315597021759088
COCCOCCO,CC1C(CCC1(C)OC(C)=O)C(C)=C,-7.096042461550872
Cc1ccccc1N(=O)=O,CC2(C)CCCC(CC1)=C2CC1C=O,-7.874906876481805
CCCCN(CCCC)C=O,O=C2C3C1CC2CC31,-5.934627947372297
CCCCc1ccccc1,CC(C)CC(O)=O,-7.880468029796514
CCC(C)=C,CCCCOC(CCC)=O,-7.219682058418351
OCc1occc1,CCCCCCCCCOC(C)=O,-8.98463123354628
OCCCO,CC(CCC#C)=O,-8.561253213856219
CC1CCCCC1,OC(=O)c(ccc1C2=O)cc1C(O2)=O,-8.783050563787732
CCCCCC#N,CCOC(=O)C(O)c1ccccc1,-9.598440328511229
FC(F)(F)C(F)(F)C(F)(F)C(F)(F)C(F)(F)C(F)(F)C(F)(F)C(F)(F)F,O=C2c1ccccc1C=CC2=O,-5.118532875150995
FC(F)C,CCOC(C(C)C1CCCCC1)=O,-8.384253053368784
ClC(Cl)=O,CC(=O)C=CC(C)=O,-7.387005054761011
OCCCCCC,OC(CCCCCC(O)=O)=O,-12.532027084989785
CCCCCCCCC=C,CC1(C)C(CCC1(C)C(O)=O)C(O)=O,-8.01966170357966
CCC(C)=C,CCCCCCCC=CC(O)=O,-8.373484375054488
Cc1cc(C)cc(C)c1,CC(C)COC(=O)Cc1ccccc1,-8.808423256174224
Ic1ccccc1,CCCCCC(OC)=O,-7.084422847700339
COCCOCCOC,CCOC(=O)C(OCC)=O,-8.223554879761132
CC(CC1)CS1(=O)=O,OC(=O)c(cc1C)cc(C)c1,-7.473259177532444
C(CCc1cc2)Cc1cc2,CC=CCCCCCCCC=O,-6.705213004569423
CC(=C)C#C,CC1OC(C(C)OC1=O)=O,-8.374267926297609
Clc2c1ccccc1ccc2,OC(CCCCCCCC(O)=O)=O,-8.700962572394964
OCCC#N,CCCCCCC=CC(OC)=O,-7.265923276557108
O=S=O,CCC(CCC1=O)=C1O,-8.906790401752414
FCCCCCCCC,CCCCCCC(CCC=O)=O,-8.907382938015868
NCCCN(C)C,CCOc1cc(C(O)=O)ccc1,-10.538069744447947
CCOC(OCC)=O,COC=O,-6.858660962374531
CN(=O)=O,CC=CC=CC(O)=O,-7.447461017377834
CCI,OC(=O)C=CC(C)=O,-9.197193315503181
CCOc1ccccc1,O=CCCc(cc1)ccc1C,-8.158950606405146
NCCCC,O=Cc1occc1,-7.216576811985062
CC(CC(C)=O)=O,CCCCCCCCCCCCCCCCCCCCCC(OCC)=O,-14.761366254042553
OCCCC,CC1(C)C(CC1C3C)C(=CC2CCCCC2)C3=O,-11.196007754875637
OCCCCCCCCC,CCCCCCCCC(OCC=C)=O,-8.892071945760911
C1OC1,CCOC(CCc1ccccc1)=O,-8.84205358739013
CCCCCCCCCCCCCCCC,CCCCCCCCC=CCCCCCCCC(OCC)=O,-14.183202962854102
OCCN,CCCCC(CC)C(OCC)=O,-6.934640372682876
O1CCCC1,Oc(ccc2C3=O)cc2C(=O)c1ccccc31,-18.33703120868667
C1OCCOC1,O=C2Oc1ccccc1CC2,-9.65412230887386
CC(C)(C)CC(C)=C,CC(=C)C=O,-4.295214874981388
Cc1ccccc1,CC1(C)C(CC1CC2OC(C)=O)C2=C,-9.568374682090784
NC(C)C,OC(CCC#C)=O,-11.038483465008108
CI,CCCCCC1CCCC1=O,-8.502517499846359
CN1CCCC1,O=C1C=C(OC2=C1C1=CC=CC=C1C=C2)C1=CC=CC=C1,-16.278429637573712
FC(F)(F)C(F)(F)C(F)(F)C(F)(F)C(F)(F)C(F)(F)C(F)(F)C(F)(F)F,CC(C)CC(O)=O,-4.571473769917116
COP(OC)(OC)=O,Oc1cccc(C3=O)c1C(=O)c2c3cccc2O,-16.573589548281646
NCCN,CCOC(CC1(C)OCCO1)=O,-9.024892234894528
CCNCC,CC2=CC(c1ccccc1C2=O)=O,-10.1855440813919
CCCCC(C)=O,CC1CCC2C1(CCC3(C)OC(C)=O)CC3C2(C)C,-10.391282250656852
OCCCCCO,CCCCCCC1OC1C=CC=O,-11.769154605656043
CCI,O=C2C=CC(c1ccccc21)=O,-11.590230094549844
CCCCCCCCCC,O=C(Oc2ccccc2)Oc1ccccc1,-9.900844329176877
CN(C)C=O,CCCCC(C)C=O,-5.855663023052319
CCOC(C)=O,C=CCOC(=O)C(C)=C,-8.629439714199673
O=S=O,OC(C)(C)CCCC(C)CC=O,-10.328634349381236
OCCO,O=COC=C,-6.790706408792099
CCCCCCCCCCCCCCCC,CC(C)CC(CC(C)C)=O,-4.912266212545802
CCCCCCCCCC,CC(CCC=C(C)C)(OC=O)C=C,-5.693326464400418
OCCCCC,OC1=CC=C(C=C1)C1=CC(=O)C2=C(O1)C=C(O)C=C2O,-20.122599142166337
O(Cc2ccccc2)Cc1ccccc1,CC(C)OC=O,-4.831785976973137
CC(CC1)CS1(=O)=O,CC(C)C1CCCCC1=O,-2.890123720722258
CCCCOC(=O)c1ccccc1C(OCCCC)=O,CC(C)COC(CC)=O,-6.9568950100514355
CNc1ccccc1,CCOC(CC(C)C)=O,-6.0612920409003195
CCCCCCCCCCCCCCC,CCOC(OC)=O,-3.637386572865635
OCCCCCC,CC(C)CC(CC(C)C)OC(C)=O,-8.170412062080096
CC(C)CC(C)C,CC(CCC1C(C)=C)CC1=O,-5.714455617005405
CC(OCc1ccccc1)=O,CCCCC2c1ccccc1C(O2)=O,-8.83914743091378
CC(C)c(cc1)ccc1C,CCC(OCC=C(C)CCC=C(C)C)=O,-9.285459499853427
CCCCCCCC(OC(COC(CCCCCCC)=O)COC(CCCCCCC)=O)=O,OC1=CC=C(C=C1)C(=O)C1=CC=C(O)C=C1,-17.25883434737682
Fc1ccccc1,CCCC(=O)C=CC1C(C)CCCC1(C)C,-9.69658750057056
C(CC2)CCC2c1ccccc1,COC(CCCCC(OC)=O)=O,-7.597100370384294
OCCOCCO,CCOC(=O)C(OCC)=O,-8.231493417764455
C1OCCOC1,OC(C(O)=O)c1ccccc1,-11.986733476080355
CCCCCCCCCCCCC,OCCC(O)=O,-4.517818608850385
OCC,CCCCOC(=O)C=C,-7.69439827759234
OC(C)(C)C,CCCCCOC(OCCCCC)=O,-10.099260164738798
CC(=O)c1ccccc1,CC(=O)C=C,-4.767670657413499
OC(C)=O,CC3CC(C1CC2CC1)C2CC3=O,-8.917211299148919
COP(OC)(OC)=O,CCCC#CC(O)=O,-8.401140336877223
CC#N,CCCC(CCC)C(O)=O,-8.720228354381984
CI,CC(C)C(CC1C=C2C)C2CC1C=O,-9.695933148963832
CCCCN(CCCC)CCCC,C=CCOC(CCC1CCCCC1)=O,-6.813465593016569
NCCCN,CCCCCCCCCCCCC(OO)=O,-10.139584652115275
O=CN1CCOCC1,CCCCCCCC1OC(CC1)=O,-6.834248913836214
CC(C)=C,CC(C)(COC(C)=O)COC(C)=O,-8.65314450610774
CC(C)(C)c1ccccc1,COC(C)COC(C)COC(C)=O,-7.318617793775662
CCCCCCCC,CC(C)CCOCC(OCC=C)=O,-7.413958772008353
c1cscc1,CC(=O)c1cc(C)oc1C,-8.149168746003296
CC1CCCC1,CCc1cc(C(O)=O)cc(CC)c1,-8.62999995055403
C1CCCC1,O=C2Oc1ccccc1CC2,-7.112092175002699
COCCOCCOC,CCOC(C1C(C)(C)CC(CC1(C)C)=O)=C,-8.377694501136926
OCC(C)C,CCCCCCOC(CCCCCCC)=O,-10.943418706687703
CN1CCN(C)C1=O,CCOC(CC(C)C)=O,-4.829044382964694
FCCCCCCCC,O=C1C=CCO1,-6.535191295132122
CC(C)CC(C)=O,CCCCCC(OC)=O,-6.188285816259135
O=CN,CC1=CC(=O)OC2=CC=CC=C12,-10.738467290812032
Fc1ccccc1,COC(=O)c1ccccc1OC,-9.217169138595374
c1cscc1,O=COCCOC=O,-7.262588589390226
OCCCCCC,CCC=CCC(O)=O,-7.530770836366485
COc1ccccc1,CC(C)(CCCC(=C)C=C)OC(C)=O,-8.101993058080634
COP(OC)(OC)=O,O=C(OCCc1ccccc1)Cc2ccccc2,-11.300801190126878
OCCC,CCOC(=O)c1ccccc1,-9.619874659567696
COc1ccccc1,OC(C)(C)CCCC(C)CC=O,-9.019933363505501
CCI,CCC(C)C(OCC(COC(C(C)CC)=O)(COC(C(C)CC)=O)COC(C(C)CC)=O)=O,-22.796688011279883
CCC(C)c1ccccc1,COC(C)C=O,-3.255763146872116
NCc1ccccc1,OC(O)=O,-15.660713088950375
O,CC1=CC(=O)C=C(C)C1=O,-8.257371770796826
O1CCCCC1,CC(C)CC(OC)=O,-6.12993491668353
SC,Cc(ccc1C=O)cc1C,-9.649024770633705
OC(C)=O,CCCCCCCCC(OCC=C)=O,-7.0952132449190275
CC(=C)C#C,CC(C)CCCC(C)CCCC(C)CCCC(C)=O,-11.868122919369943
C(CC2)CCC2c1ccccc1,COc(ccc1C(O)=O)cc1OC,-10.476095407656024
OCc1ccccc1,OC(=O)C(C1=CC=CC=C1)C1=CC=CC=C1,-8.839528903978128
Fc1c(F)c(F)c(F)c(F)c1F,CC(OC(C)=O)=O,-1.7192609262375171
CN1CCCCC1=O,OC(=O)c(cc1O)cc(O)c1O,-21.547763019244957
CCBr,C=CC1OC(OC1)=O,-8.622943255758582
CCCCNCCCC,CCCCCOC(CC)=O,-7.758098710388564
BrCCBr,CC(OCC1CCCO1)=O,-9.043288703810823
CC(C)CC(C)=O,CC1(C)OC(CC1C(O)=O)=O,-12.305229096545409
CCCCCCCCCOC(=O)c1ccccc1C(OCCCCCCCCC)=O,CC(C)(C=O)Cc1ccccc1CC,-9.840809100720804
OCC1CCCO1,CC(C)C1CCCCC1=O,-6.352663951924028
O1CCCC1,OC(=O)c(cc1)oc1C,-11.235314655891779
CI,CC(C)COC(CCCCC(OCC(C)C)=O)=O,-14.924198727678107
CCCOCC(O)C,CC(CC(O)=O)CC(O)=O,-8.292831502036647
Cc1cc(C)cc(C)c1,OCCOC(=O)C(C)=C,-6.991306108035538
OCc1ccccc1,CC1(OC1)C(C)=O,-6.165047702348039
CCCCCCCl,OC(=O)c2cc1ccccc1cc2,-11.361791771928772
OCCOCCCC,CCCCC1OC1C=CC=O,-9.80920614569579
CC(Cl)(Cl)Cl,CCCC1OC1C=CC=O,-7.878246575703546
COc1ccccc1,COC(COc1ccccc1)=O,-9.373183268488823
Nc1ccccc1,CC(=O)c1c(C)cc(C)cc1C,-9.815585934637639
OCCc1ccccc1,COc(ccc1C=O)cc1OC,-10.213228723306333
ClCBr,O=COc1ccccc1,-8.383921700853037
CC(CC(C)=O)=O,OCCC(OC)=O,-9.000891453302227
CCCCC=C,CCC(C)OC(C)=O,-5.691162370490848
CC(C)c1ccccc1,OC(C)(C)C(O)=O,-6.394755745533654
CC(C)(C)CC(C)=C,OC(C)(C)CC(CC(O)(C)C)=O,-7.430633321632732
CCCCNCCCC,CCCOC=O,-5.62385047372047
CCOC(=O)c1ccccc1,COc1cccc(C(O)=O)c1OC,-9.048675827442892
OCCOCCOCCCC,OC(=O)C=CC(C)=O,-10.910767814525698
CCOCC,CCCOC(C(C)OC(C)(C)CC)=O,-9.506707472882784
COCCOC,CC(C)CCCCCCCOC(=O)c1ccccc1C(OCCCCCCCC(C)C)=O,-21.497819006354597
OCCCCCCCCC,O=C1CC=CO1,-4.928996451668626
CCOC(=O)c1ccccc1C(OCC)=O,CCCC(=O)c1occc1,-6.3949395208785225
CCCCCCCCCCCCCCCC,CC2C(C)(C)c(cc1C(C)=O)c(C2(C)C)cc1C,-9.152452094005037
OCCOCCOCC,CC(C(CC=C)C(C)=O)=O,-8.73704769670232
CCCCc1ccccc1,CC(CCC1C(C)C)CC1OC(CC(C)C)=O,-10.943991751626701
COC,CC(=C)C(OCC1OC1)=O,-10.291922718216375
CCCCl,CCCCCCC(=O)C=C,-7.918209359787623
CCCCCCCCC=C,CC(C)OC(=O)c1ccccc1,-8.000936109727554
COCCOCCOC,CC(C)COC(CC(C)C)=O,-7.934041884195514
CN(C)P(=O)(N(C)C)N(C)C,CCCCCC(OC(C)(CCC=C(C)C)C=C)=O,-10.018923608072122
O=C1CCCCC1,CCC=CCCOC(=O)C(C)=CC,-8.52975022148091
Nc1ccccc1,CCCOC(C)=O,-6.227230596311639
CN(C)C(C)=O,CC=CC=CC(O)=O,-8.326334861196095
CCCCC(CO)CC,O=C(OCCc1ccccc1)C=Cc2ccccc2,-10.066319547961134
COCCOCCOC,O=C2C=COc1ccccc21,-12.061242405182261
Cc1ccccc1N(=O)=O,CC(C)(C)CC(O)=O,-6.022673601308703
CCCCCCC,CC1(C)CCCC(C)=C1C=CC(C)=O,-7.331285483986928
N#CCc1ccccc1,OC(C1(CC3C2)CC(C3)CC2C1)=O,-10.060873393460714
CCCCCCCCCCC,OCC(C)(C)C=O,-3.5943642077369944
CCCCCCCCCCCCC,O=CCCc1ccccc1,-7.656439758557297
CC(C)c(cc1)ccc1C,CCOC(=O)C1C(C)=C(C)CCC1(C)C,-9.551183055473345
CCCl,CC1(C)C(CCC1(C)C(O)=O)C(O)=O,-10.221782073372488
S=C=S,COC(=O)C(C)=CC,-6.868024037748075
CC1OC1,O=C1CCCCCCCCCCCCCCC1,-9.314800625899105
OC1CCCCC1,CCCOC(OCCC)=O,-9.618016857899573
BrCCBr,CC2C1CC(CC1C(C)=CC(C2)OC(C)=O)=C,-10.691577568463885
C#N,CCC(CC(C)(C)c1ccccc1)=O,-9.394870429868229
CN1CCCC1=O,OC(CCc1ccccc1)=O,-9.414627114784043
OCc1occc1,CCC(C)C(OC2CC(C)C=C(C2C1CCC(C3)OC(CC3O)=O)C=CC1C)=O,-24.455433136160963
ClCCl,CC(C)=CCCC(C)=CCCC=O,-10.459745249360086
CCc1ccccc1,OC(COc1ccccc1)=O,-10.965234928479756
CCCC(C)=O,CCOC(CCC(O)=O)=O,-10.22314034023956
O=S1(CCCC1)=O,CC(CCC1C(C)C)CC1=O,-4.8528444039151015
CC(C)c(cc1)ccc1C,CCCCCCCCCC(O)=O,-8.659362517056607
CCCCN(CCCC)C=O,CC(C)CC(C)OC(=O)C=CC,-7.099843269819738
CCOP(OCC)(OCC)=O,CCC(OCCc1ccccc1)=O,-8.219291848655173
FC(F)(F)C(F)(F)C(F)(F)C(F)(F)C(F)(F)C(F)(F)C(F)(F)C(F)(F)F,CCCCCCCC(=O)c1ccccc1,-6.791794024696728
NC(C)C,CC1(C)CCCC(C)=C1CC=O,-9.642865790553188
CCCCC(CO)CC,CCCCCCCCOC=O,-6.897661988820463
ClCBr,CCCCCCOC(CCC)=O,-9.545659771017577
CCC(O)CC,CC(C)(OC(C)=O)Cc1ccccc1,-9.190702982906917
CC(C)c1ccccc1,COC(C)(C)CCCC(C)CC=CC(C)=CC(OC(C)C)=O,-12.643340368271465
OCC(O)C,OCCOC(=O)C(C)=C,-8.488126219658222
CI,CCCCCCCC(CC)=O,-9.41372940006911
O,O=C1CCCCCCCCCCCCCCO1,-9.156658878717566
OCCCCCCCC,OC(=O)c3cc1ccccc1c(Cc(c4O)c2ccccc2cc4C(O)=O)c3O,-19.352691826165287
C(CC1)CCC1C2CCCCC2,CCCC(OCCc1ccccc1)=O,-7.412332081758778
N1CCCCC1,CCOC(CC(O)C)=O,-9.175582448736645
CCNCC,CC(C)OC(CC)=O,-7.673496338141007
O(Cc2ccccc2)Cc1ccccc1,OC(C)(C)CCCC(CC1)=CCC1C=O,-8.294354052924131
CC(C)c1ccccc1,CC1(C)CC=CC(C)=C1C=O,-7.705214291980313
CCOCC,COc(ccc1C=O)cc1OC,-11.86188402485916
CCCCCCCCC=C,COc1ccc(CC(C)=O)cc1,-8.607112680483135
CCC(C)C,CCCCCCCCCCCC(OO)=O,-9.472715716821972
c1ccccc1,OCC=O,-4.8705341730961305
Cc2c1ccccc1ccc2,CC(CCC32C)(CC2CCC(=C3CC1)C=C1C(C)C)C(O)=O,-11.330448886861493
OCCOCCOCC,CCC(CC(CC)=O)C=C,-8.59463767593649
NCC,CCCCCCCCCC(OC)=O,-10.875878065302462
Cc1ncccc1C,O=C1C=CCCC1,-5.230155235149045
c1ccccc1,CCC(C)CC(CC)=O,-6.174527168773333
OCC(C)C,CC1(C)C(C(C)(C)C1=O)=O,-9.143064515252178
COP(OC)(OC)=O,CC1=C(C)C(=O)C=CC1=O,-8.75297767773249
CCOCCOCCOCC,CCCCCCCCCCCCC(O)=O,-9.736047408483678
O=C1CCCO1,O=COCCc1ccccc1,-7.864891677081469
C=Cc1ccccc1,OC(=O)c(cc1)ccc1C=C,-9.119037838043099
C(c2ccccc2)c1ccccc1,CCCCCCCCCCCCCCCCC(O)=O,-11.245668168995167
CC(C)C(C)C,CC1=C(C)C(OC1=O)=O,-4.765052694091603
CCCl,O=C(OCC=Cc2ccccc2)C=Cc1ccccc1,-15.14326729218582
CC(=C)C#C,COc(ccc2C(=O)c1ccc(OC)cc1O)cc2O,-17.93122517488843
CCOCCOCCOCC,COc(ccc1OC)cc1C(O)=O,-11.38162210620628
CCOC(C)(C)C,CC(OCC(COC(C)=O)OC(C)=O)=O,-10.15180543410152
CNC=O,CCCCCCCCCCCCC(C)=O,-8.3162144086437
ClCCCl,CC(=O)C(C)=O,-6.440555345949742
CCCCCl,CCCCCCCCCCOC(=O)c1ccccc1C(OCCCCCCCCCC)=O,-21.609001419314932
CCNC=O,CC(C)C(=O)C(C)=O,-7.360448403637581
CC(CC1)CS1(=O)=O,CCOC(CC(OCC)=O)=O,-5.097380332956661
Cc1ncccc1C,O=C1OC=CO1,-5.253800439293775
ClC(Cl)(Cl)Cl,CCCCCC(=Cc(cc1)ccc1C)C=O,-10.600169939506356
CC(OCc1ccccc1)=O,CC1(C)C(C1C(OCc3cc(Oc2ccccc2)ccc3)=O)C=C(C)C,-14.440757634782752
CCCCCCCCCOC(=O)c1ccccc1C(OCCCCCCCCC)=O,O=C1CCC(CC1)=O,-6.6805069154793175
CN(C)C=O,COC(COc1ccccc1)=O,-9.736653867121744
CC1CCCCC1,Oc(ccc2C3=O)cc2C(=O)c1ccccc31,-11.275280224450777
OCCCCC,CCC(OC2CC3C1CC=CC1C2C3)=O,-10.216576497505349
OCCCCCCCCC,OC(C1CC1)=O,-8.014182413827664
CCCCN(CCCC)C=O,COc1ccc(COC=O)cc1,-10.169762791322578
FC(F)(F)C(F)(F)C(F)(F)F,CC(CC(C)=O)=O,-3.2222659135574947
CCCCC=C,O=Cc2cc1OCOc1cc2,-10.321099281794147
NCCN,O=C1C=C(OC2=C1C=CC1=CC=CC=C21)C1=CC=CC=C1,-14.314644797677461
O=C1CCCC1,CC(C)(CC(C)=O)c1ccccc1,-8.360452475523394
Cc1nc(C)ccc1,OC(=O)c1c(O)cc(O)cc1O,-13.028282314074348
COP(OC)(OC)=O,O=C1CCc2c1cccc2,-8.846164864612824
CC(C)C,CC1(C)CCC=C(C)C1C=C(C)C(C)=O,-8.171684010224578
C=CC=C,OC(CCC(C)=O)=O,-8.147571571187896
O=S=O,CC2(C)C(C1(C)CC2CC1)=O,-7.91297955898866
C(c2ccccc2)c1ccccc1,CCCCOC(=O)C3(O)c1ccccc1c2ccccc32,-10.825381055692546
OCCCC,CC(=O)c3c1ccccc1cc2ccccc32,-10.856833092176776
C(CCc1cc2)Cc1cc2,OC(=O)c2cc1ccccc1cc2O,-10.735722355433682
O=S=O,CCOCCOC(C)=O,-8.755954838319356
CCOC(CCC)=O,CC(CCCC1(C)C)C1C(=O)C=CC,-8.852375357479403
CC(C)c1ccccc1,CC=CC(OC2CCCC2C1CCCC1)=O,-10.248882532448233
CCN(=O)=O,CCCCC(CC)C(OCC)=O,-8.082651538375728
CCCCCC#N,CC(C)COC(C(C)C)=O,-7.5011390111389264
CCCC(C)C,CCCCC(CC)C(OCCOCCOCCOC(C(CC)CCCC)=O)=O,-20.084459075366365
CC(C)(C)Cl,CCC=CCC=CC=O,-7.749349333287882
CCCCC,CCCC(OCC(COC(CCC)=O)(COC(CCC)=O)COC(CCC)=O)=O,-22.097506915198867
C1CCCC1,CCOC(CC=C(C)CCC=C(C)C)=O,-9.596644063738887
OCCCC,CC1CC(=O)C(C1C)=O,-7.512095919957964
CCOP(OCC)(OCC)=O,CC(C2(C3)CC(CC3C1)CC1C2)=O,-9.234109048679843
CN(C)C(C)=O,CC(=O)C=O,-9.521162239099148
CC1OC(OC1)=O,CC(C)c1ccc(C=O)cc1,-6.8064721058018565
C(CCc1cc2)Cc1cc2,CC1C(C)C=C(C)CC1C(C)=O,-5.768501161456234
CC(C)(C)CC(C)CC(C)(C)CC(C)(C)C,CCC(C)C(OC2CC(C)C=C(C2C1CCC(C3)OC(CC3O)=O)C=CC1C)=O,-15.280299099639333
CCC1OC1,OC(C1CCC(CC1)C(O)=O)=O,-10.035699791031163
CCCCOC(=O)c1ccccc1C(OCCCC)=O,CCOC(CC(C)=O)=O,-7.844027049594095
Brc1ccccc1,CC1=CC(=O)C(C)=CC1=O,-6.739772236619388
CCCCCCCCCCC,CCCC(OC2CC3C1C=CCC1C2C3)=O,-10.335391156227558
CCNCC,O=C(c1ccccc1C3=O)C2=C3C(=O)C=CC2=O,-12.892498456072081
OCCCO,CCCCCCC(O)CC=CCCCCCCCC(O)=O,-14.319259856025464
CCN(=O)=O,COC(=O)c(cc1)ccc1C=O,-9.323424423180793
CCCCC=C,CCC(C)OC(=O)C=C,-5.939151605330978
CCOC(C)=O,CC1=CC(CCC1)=O,-7.065602581700878
OCCCCC,CCCCCCCCCCCCCCC(O)=O,-12.452826663703258
FC(F)(F)C(F)(F)C(F)(F)C(F)(F)C(F)(F)C(F)(F)C(F)(F)F,CC(C)(C)OC(CC(C)=O)=O,-3.749986283561393
N#CCc1ccccc1,CC1(C)CC(CC(C1)=O)=O,-5.475070409675015
c2nc1ccccc1cc2,Oc(ccc2C(=O)c1ccccc1)cc2O,-10.425644620329814
Clc1ccccc1,CC(=C)C(OCC1OC1)=O,-7.593717233353765
S=C=S,CC1(C)C2CC1CC=C2COC(C)=O,-10.705070577042104
N1CCCC1,CCOC(CO)=O,-8.369660734091262
OCC,CC(C)COC(CC(C)C)=O,-7.56747411410658
CC(=O)c1ccccc1,CCCCCCOC(C)=O,-6.330366433641666
C(c2ccccc2)c1ccccc1,CC(C)(CCCC(C)C=C)OC=O,-6.61054030031807
OCC1CCCO1,CCCCCCC=CC(O)=O,-7.320286808044056
COc1ccccc1,CCC(=O)c1ccccc1,-8.192666699448655
OCCS,CC(C)(C)C1=CC(=O)C=C(C(C)(C)C)C1=O,-8.034760797293032
COC(C)=O,OC(=O)c1ccccc1C,-10.519869859461162
C(CCc1cc2)Cc1cc2,OC(CCC=O)=O,-5.959141350797783
OCCCC,CCCC(=O)C(C)=O,-9.563088634898392
ClCC(C)C,CCCC1CCCCC1=O,-7.151252473414184
Cc1ncccc1C,CCC=CCC=CCC=CCCCCCCCC(O)=O,-15.200855384856476
OCCOCCN,OC(CCCC(C)=O)=O,-9.022077687643122
NC(C)C,CCCC(OC(CCC)=O)=O,-8.363206878116479
N#Cc1ccccc1,OC1=CC=C(C=C1)C1=COC2=C(C(O)=CC(O)=C2)C1=O,-12.414030853059096
c1ccccc1,CC(C)c1cc(C(O)=O)ccc1,-9.70301963764095
CCOc1ccccc1,CCCCCCC(OCC)=O,-7.73080305962077
CCN(CC)C(C)=O,OC(=O)c1ccccc1O,-15.355097892580647
CI,CC(=O)c1cc(C(C)=O)ccc1,-10.991393399689304
CCCC(C)=O,OC(=O)c2cc1ccccc1cc2,-14.144668127122028
CCI,CCCCCCCCCCCC=O,-9.912641314079957
CCCCCCCCCCCCCC,CCCCCC(OCCC(C)C)=O,-8.364903737134096
CCCCc1ccccc1,CCCCCCCC=CC=CC=O,-8.948240930787446
OCCc1ccccc1,CC1CCC(C1C=O)C(C)=C,-7.923665259950272
ClC1CCCCC1,O=C1CCc2c1cccc2,-8.785625924643318
CCCCC(CC)=O,CC1(C)C(CCC31C)CC3C(CCC2=O)CC2C,-9.368020295087994
CC(C)c(cc1)ccc1C,CC21OC1CC(CC2=O)C(C)=C,-6.539182561485669
ClC1CCCCC1,CCCCCCC(C)OC(CCCCC)=O,-11.108955740815235
Brc2c1ccccc1ccc2,CC(C)(C)CC(O)=O,-4.393476210512532
CC(Cl)Cl,CCCOC(=O)c1cocc1,-9.918163763193249
CCCCCCCCCCC,CC(C)C(OCC=C(C)C)=O,-5.875251247235337
SC,OC(=O)c1oc(C(O)=O)cc1,-11.286795420491726
O1CCCC1,CC(C)OC(C)=O,-6.474482502192358
CCNC=O,CC1OCCCCCCCCCCCCOC1=O,-9.998628127258854
Clc1ccccc1,CCCCCCC1OC1C=CC=O,-9.04193767657855
CCCCNCCCC,CC(C)OC(C)=O,-6.09960196067055
CCN(CC)CC,OC(CCCC=C)=O,-9.693926934782354
CC(C)N(=O)=O,CC(C=O)c1ccccc1,-7.964627670531434
CCC(C)Cl,OOC(C)=O,-7.906918870872899
COC,CCCC(=O)C(CCC)=O,-10.459887257581121
CCC(C)=C,CCCCCC(C)=O,-5.420302572429357
CC(=O)c1ccccc1,CC(C)CC(C)OC(=O)C=CC,-6.972498093725734
CC1OC1,CCCCCC=CC(OCC)=O,-7.44868952771353
CCCCCl,CCCCOC(=O)C(C)=C,-8.178142321359235
CCOP(OCC)(OCC)=O,OC(=O)c(cc1)ccc1C=C,-10.883096816538385
OCCS,CCCCCCCCCCCC=O,-7.273094970166845
CCCCCCCC,CC1(C)C2CC1CC=C2CCOC(C)=O,-9.362928047350191
N#CCCOCCC#N,OC(=O)Cc(ccc1)cc1C,-7.311389296877511
CC(Br)Br,OC(CCCCCCCCCCCC(O)=O)=O,-12.67682152124341
CCOC(=O)c1ccccc1,COC(=O)C(C)=C,-5.891242486713796
CCCCCCC=C,CCCCCCCCCOC=O,-7.225007645154639
OCCCCCCCC,CCCCCCCCCCCCCCCC(OC)=O,-13.330190956651329
FC(F)(F)C(F)(F)C(F)(F)C(F)(F)C(F)(F)C(F)(F)F,COC(C(C)(C)C)=O,-2.2129115748827797
CCCl,CC(=O)c1c(C)cc(C)cc1C,-9.480003244588474
N1CCCCC1,CC(C)CCC(CC)=O,-6.566586249880446
CC(C)=C,OC(=O)c(c1C)c(C)c(C)cc1C,-10.097779102527657
NC(C)C,CCCCCCCCC=CCCCCCCCC(OCC(O)COC(CCCCCCCC=CCCCCCCCC)=O)=O,-31.590290370256678
OCC,C=CC1OC(OC1)=O,-9.054368686421427
N#CCCOCCC#N,O=CCCCCCCCC=C,-6.378444291439137
ClCCl,CCOC(=O)C(C)=O,-7.240449786178432
CC(Cl)Cl,C=CC(OCCCCCCOC(=O)C=C)=O,-12.92021449294126
CCCCCCCCBr,CC1C=CC(O1)=O,-5.928509899073138
Cc1nc(C)ccc1,CC(=O)C=O,-4.440262628841065
CC(C)CC(C)=O,CCCCOC(CCC)=O,-7.460024011332024
OCC,CC(C)CC(CC(C)C=C)=O,-7.576690726099215
CCc1ccccc1,Oc1ccc(C=O)cc1,-10.057324301724819
CC(C)(C)c1ccccc1,OC(=O)c(cc1C)cc(C)c1C,-9.11614170567647
CC(Cl)Cl,OC(CC1=CCCC1)=O,-9.4139947605292
ClC(Cl)=O,O=COCCOC=O,-7.967487326276581
COC(C)(C)C,CCCC(OCC(C)OC(CCC)=O)=O,-8.893256182945343
CCCC,CC1(C)CC(CC(C1)=O)=O,-6.437406104812682
CCOC(CCC)=O,Oc(ccc2C3=O)cc2C(=O)c1ccccc31,-15.894933095299999
OCCCCCCC,CCC=CCCOC(=O)Cc1ccccc1,-10.05567115896348
CN1CCCC1,CCC(=O)Oc1ccccc1,-9.031076832144329
OCCCCCCCCCC,CC=CC(OC2CCCC2C1CCCC1)=O,-9.294533825177536
Cc1cc(C)cc(C)c1,CC1COC(CCCCCCCCC1)=O,-7.978143511804017
O=CN,CCC=CCC=CC=O,-6.869341094386298
CCCCCC(C)=O,COC(C3(C)C2CC=C1C=C(C(C)C)CCC1C2(C)CCC3)=O,-12.977961979398247
O=C1CCCO1,CC1(C)CCC=C(C)C1CCC(C)=O,-7.335585827056845
CCC=C,CCC=CC(O)=O,-6.585574141270227
CCOC(C)(C)C,COC(=O)c(cc1O)cc(O)c1O,-14.04092847640511
CCCCCCCCCCC,CCCOC(=O)c1ccccc1,-7.667337079612999
CCC1OC1,OC(CCCC(C)=O)=O,-10.624494277084622
OCC(O)C,CCCC(OCc1ccccc1)=O,-8.842020452138552
S=C=S,CCCCCCCCCCC(OC(C)C)=O,-13.615807236189978
C1CC=CCC1,CCCC(OC=C)=O,-5.467476589667066
ClC(Cl)=O,COC(=O)c(ccc1O)c(O)c1C,-10.78614696869562
CCCCOC(C)=O,CC(C)CCCC(C)CC=CC(C)=CC(OCC)=O,-13.502736200904726
OC(C)C,CCCCCCCC(OC(C)C)=O,-9.639454808773436
C#N,CCCCC(OC(C)C)=O,-7.915356943677274
CCCCC(C)=O,CC1CC=CC2=CC(=O)C(CC21C)=C(C)C,-9.297772726407093
n1ccccc1,CCC=CCC(O)=O,-7.731875639360819
ClCCCl,CC(CCOC(=O)Cc1ccccc1)CCC=C(C)C,-13.253601607111266
CCCOCC(O)C,OC(=O)c2cc1ccccc1cc2,-11.743807530438836
CCCCCCCCC=C,O=C(C2CC2)C1CC1,-8.200400300097701
O=CN,OCC1OC(OC1)=O,-9.724994713727314
ClC(=C)C=C,OC(=O)c1ccccc1C=O,-10.65086408994077
Oc1cc(C)ccc1,CCCCCCCCCCCC(OC(C)C)=O,-10.860467388845292
CCC,C=CCOC(=O)C(C)=C,-5.852008121269379
CC(C)=O,CC1(CC=C(C)CC1)C(C)=O,-7.406827174837496
ClC(Cl)C(O)=O,CCCCC(OC)=O,-9.247643267486911
COCCOCCOC,CC1CCC(C)C(C1(C)C)C=CC(C)=O,-8.870940008681002
N#CCc1ccccc1,CC1CC(CCCCCCCCCCCC1)=O,-8.486666041008997
OCC(C)C,CC(COC(C)=O)C1CC=C(C)CC1,-9.197501556877071
OCCCCCCCCCC,CC1(C)CCCC(C)=C1CC=O,-7.040007131320607
C(CC1)CCC1C2CCCCC2,CC1(C)CC(=O)C=C(C)C1,-5.652801216382048
CCOC(OCC)=O,CC1(C)CC(=O)C=C(C)C1=CC=CC,-9.330503115328128
ClC(Cl)(Cl)Cl,CC1=CC(CCC1)=O,-7.035871072271102
C1OC1,CCCCCC(CCCC(O)=O)=O,-10.359100681742992
CCCCC(C)=O,CC2(C)CC(=O)C=C(C)C21OC(C)=CC1,-9.075810814007674
CC(Cl)Cl,CCCOC(OCCC)=O,-8.534511116702966
CI,CCC1=C(O)C(CC1C)=O,-8.543271631703337
CSC,CCCCCCCCC=CCCCCCCCCCCCC(OCC)=O,-18.116738032108152
OCCO,CCOC(C1(CC3C2)CC(C3)CC2C1)=O,-8.769680907448567
OCc1ccccc1,OC(CC=C)=O,-6.01259714346008
O1CCCC1,CC1(C)CCCC(C)=C1C=CC(C)=O,-9.557901715013232
CC(Br)Br,CC(C(CCC1)CC1(C)C)OC=O,-8.926214620362508
OCCOCCOCCOCCCC,COc1cc(C=O)cc(OC)c1O,-11.220618197252165
Ic1ccccc1,CC(OC(C)=C)=O,-6.066808642616273
CCCCCl,CCCC(OCCC(C)CCC=C(C)C)=O,-11.164763579444353
CCCCCCCCBr,CCCOC(C(C)OC(C)(C)CC)=O,-8.544597041766327
Cc1ncccc1C,CCC(C)OC(CC)=O,-6.277803343639442
OCC(C)C,CC(CCC=C(C)C)=O,-8.87044047387995
CCC1OC1,CCC(OC(CC)=O)=O,-6.917599943053714
C(c2ccccc2)c1ccccc1,CC(=O)CCC1=C(C)C=CCC1(C)C,-7.249812861551976
ClCCCl,CCCCCCCOC(=O)c(cc1)ccc1O,-9.834316262097111
CCCCCCCCCC,CC(OCC=Cc1ccccc1)=O,-8.079624814135245
CCC=C,CC(=C)C(OCC1OC1)=O,-7.843576521551675
Brc2c1ccccc1ccc2,COc1ccc(C(O)=O)cc1,-7.877500336424385
CCN1CCCC1=O,CC1(C)CC(=O)C=C(C)C1=O,-7.560728445159946
O(Cc2ccccc2)Cc1ccccc1,CC(C)CC=O,-5.1329352932388215
CC(C)(C)CC(C)=C,OC(CCCCCCCCCC=C)=O,-7.751732843821325
Cc2c1ccccc1ccc2,CC(=O)c1ccc(C(C)=O)cc1,-6.534937351019213
c1cscc1,CCC=C(C)C=O,-6.453685258998102
CCCCCCCCCCCC,CC(C)C2CC1C(C)=CC2CC1C(C)=O,-8.472385582922765
CCc1ccccc1,CC1CCC(CC1)=O,-5.902956215816701
CN1CCCC1,O=CC=Cc1ccccc1,-10.135855683299402
CCCC(C)C,CC(C)C(OC2CC(CCC21C)C1(C)C)=O,-10.203664887290893
ClB(Cl)Cl,CC21CC(CC1CCCC2)=O,-8.17945715041752
ClCCl,CCCCOC(C(C)OC(CCC)=O)=O,-11.167690619482617
CCCCOC(=O)c1ccccc1C(OCCCC)=O,CCC(=O)c(cc1)ccc1O,-11.637725022522343
CCCCCCCCCC,CC2CC(=O)C=C1CCC(CC21C)=C(C)C,-6.4546782027553755
CC(C)CC(C)C,CC(CCC=C(C)C)=O,-5.833673467696357
CI,CCCCCC=C1CCCC1=O,-9.839020632478245
CCCCCCCCCCCC,CCCCCCCOC(=O)c1ccccc1C(OCCCCCCCCC)=O,-16.57594716319831
Cc1ccccc1N(=O)=O,CCC(OC=CC1=O)=C1O,-8.608760254294628
S=C=S,CCCOC(CC)=O,-7.210574040947684
CC(CC1)CS1(=O)=O,COc2cccc3c2C(=O)c1ccccc1C3=O,-13.218732114943089
O=C1CCCCC1,CCC(C)CC(C)=O,-4.6784894946038005
CI,CC(C)(C)C(C)C(C(C)C(C)=O)=C,-8.435942375140407
ClB(Cl)Cl,CCCOC(=O)C(C)=CC,-7.508438790595086
COc1ccccc1,O=C1CCCCCCCCCCCCCCO1,-8.592562406776938
O(Cc2ccccc2)Cc1ccccc1,CC(=O)c1ccccc1C,-7.02002963754346
O=CN,C=CC1OC(OC1)=O,-9.816523745791452
C=Cc1ccccc1,CC(=O)c3c1ccccc1cc2ccccc32,-11.379341899692452
CCCCC(CC)COC(CCCCC(OCC(CC)CCCC)=O)=O,O=C1C=CC=CC=C1,-7.485948586648105
CCCCCCCCN(CCCCCCCC)CCCCCCCC,CC1(C)CCCC(=C)C1C=CC(C)=O,-7.300667954636895
CCOC(=O)c1ccccc1,CC1(C)CC=CC(C)=C1C=O,-5.782576682188187
NCCC,CCC(=O)Cc1ccccc1,-9.282727651507212
CCCCCCCCC=C,O=C3c2cc1c(C(OC1=O)=O)cc2C(O3)=O,-9.886902741688683
NCCCN,COC(OC)=O,-9.031708351056693
CC=O,CCCCCCCCCCCCCCCCCCC(OCC)=O,-13.084114986739179
Clc1ccccc1,CCOC(CCCCCC(OCC)=O)=O,-10.219607120010721
O(c2ccccc2)c1ccccc1,CC#CC(O)=O,-4.957849180812939
OCCN,CCCCCCCCCCOC=O,-7.936141378286887
Cc1ccccc1,CC1OC(C)=C(O)C1=O,-7.165251142638284
BrCCBr,O=C1CCOCC1,-6.847924583969334
OCCOCCOCCCC,OC(=O)C1=CC=CC2=C1OC1=C2C=CC=C1C(O)=O,-16.00710009859284
CC(C)C(C)C(C)C,CC(CCC=C(C)C)CCOC(=O)C(C)=CC,-10.071160636060952
COC,CC1C=C(C)CCC1C=O,-8.313710608793617
CCCCCCCC(OC(COC(CCCCCCC)=O)COC(CCCCCCC)=O)=O,COC(C(O)(C)C)=O,-17.218451386026977
OCCC(O)C,CC(=O)C=CC(C)=O,-8.925331106469681
COC(C)(C)C,CC1OCCC1=O,-5.862535107160423
OC(C)=O,Oc1ccc(C=O)cc1O,-12.719913080573868
OCCCCCO,CC1COC(CCCCCCCCC1)=O,-10.791904984387333
CNC=O,CC(=O)c(cc1)oc1C,-8.304772444293206
CC(=C)C#C,O=C(c1ccccc1C3=O)C2=C3C(=O)C=CC2=O,-13.785306438908119
OCCOCCCC,O=C1CCCO1,-6.224375395726367
CC#N,CCCCCCC(C)=CC(O)=O,-9.049420396037103
Fc1c(F)c(F)c(F)c(F)c1F,CCCCCC(CO)C(C)=O,-7.917490408362699
CC(C)CCCC(C)CCCC(C)CCCCC(C)CCCC(C)CCCC(C)C,CC2C(C)(C)C1=C(CCCC1=O)C2(C)C,-8.103501129698522
OCCO,CCCCCC=CC(OCC)=O,-6.392794918293409
CC(C)CC(C)=O,O=C2c1ccccc1OCC2,-10.537724469557588
C(CC2)CCC2c1ccccc1,OC(=O)Cc(ccc1)cc1O,-10.015109155876138
CNc1ccccc1,CCC(CC)C=O,-6.033325888571248
CC(CC1)CS1(=O)=O,CC(=O)c(cc1)ccc1C2(CC4C3)CC(C4)CC3C2,-11.330554418461046
O=CN1CCOCC1,COc1ccc(CC(C)=O)cc1,-8.724668756540492
CCOC(C)(C)C,CC(C)OC(=O)C=C,-6.113223055095194
O(Cc2ccccc2)Cc1ccccc1,CCCCCCCCOC=O,-6.740869319738753
c2nc1ccccc1cc2,O=C(Cc2ccccc2)Cc1ccccc1,-8.632211658984769
N#Cc1ccccc1,CCOC(C(C)(C)C)=O,-6.656592731057099
CCCCCCCCCCCC,OC(=O)c1ccc(C(C)=O)cc1,-8.955003863478595
C(CC1)CCC1C2CCCCC2,OCC(O)C(O)=O,-4.387226734997043
CC(C)c(cc1)ccc1C,O=CCOC2CC3C1CC=CC1C2C3,-9.271657414558838
OCC1CCCO1,O=Cc1cocc1,-8.230275488433465
NCCCN,CCCC=CCCOC(C(C)C)=O,-9.224601459057833
OCc1occc1,O=C2c1ccccc1CO2,-7.9837787321516585
CC(C)CCCC(C)CCCC(C)CCCCC(C)CCCC(C)CCCC(C)C,CCCCCCCCCCCCCCC=O,-9.591747564588118
CC=O,Oc(ccc2C3=O)cc2C(=O)c1ccccc31,-16.67654105337182
CC1OC1,CCCCCCCCC=O,-6.178062338134617
C(CCc1cc2)Cc1cc2,OC(=O)c(ccc1)cc1C=O,-9.507422526042816
FCCCCCCCC,CC(CCOC(=O)C=C(C)C)CCC=C(C)C,-12.355924430381663
CC(C)C(C)C(C)C,CC(CCC1C(C)=C)CC1OC(C)=O,-6.858632003835339
Clc1ccccc1,COC(=O)C(C)=O,-5.491532225415335
CC(C)(C)CC(C)CC(C)(C)CC(C)(C)C,OC(=O)CC(=O)C(O)=O,-5.48451980377115
CCOC(CCC)=O,CCC(OC2CC(CCC21C)C1(C)C)=O,-10.236371051280104
CCCCCC,CC(=O)c2cc1ccccc1cc2,-9.174477847534988
COCCOC,OC(=O)c1cocc1,-16.020871833110775
OC(C)=O,CC(OC2CC3C1CC=CC1C2C3)=O,-9.482654064714453
O=S1(CCCC1)=O,CC1(C)CCCC(C)=C1C=CC(C)=O,-7.403019683828817
OCCCC,Oc(ccc2C3=O)cc2C(=O)c1ccccc31,-17.157316011529126
CC(=O)c1ccccc1,CC2=COc1ccccc1C2=O,-9.263115202392372
CC(C)CC(C)C,OCC(O)C1OC(=O)C(O)=C1O,-8.677180093636569
CC1CCCCC1,CCCC(=O)C=C,-4.199180005598073
ClC(Cl)C(Cl)Cl,OCC(O)C(O)CC=O,-6.820903482428873
c1cscc1,CC1OCCCCCCCCCCCOC1=O,-9.897601808129922
CCC1OC1,CCCCCCCCCCCCCC(OO)=O,-13.428329079167163
OCc1occc1,CCCCOC(CC(C)C)=O,-7.321857808795188
CCC(C)CC,CCC1OC(C)=C(O)C1=O,-6.509549065573157
CCN1CCCC1=O,CC(OOC(C)=O)=O,-9.571483826788963
CCCCCCCC=C,O=C1CCCO1,-5.126328291143317
COP(OC)(OC)=O,CCCCC(C)=O,-4.3125777468065465
CCCCOC(=O)c1ccccc1C(OCCCC)=O,O=CCOc1ccccc1,-8.33975937169123
CC(C)C(C)C,CC(C)COC(=O)c1ccccc1O,-9.105865044080938
CCN(=O)=O,CCCCC(OCC)=O,-7.4779382091917865
CCN1CCCC1=O,O=C2C3C1CC2CC31,-6.64759720637329
CCC(C)CC,O=C2C=COc1ccccc21,-8.872169632806665
C1OC1,CCOC(=O)C(C)=CC(C)C,-8.267591350656454
BrC(Br)C(Br)Br,CC1CCCC(C)C1=O,-6.739331175791705
CC(C)CC(C)=O,O=C(C4C(=O)c3ccccc3C4=O)C(c2ccccc2)c1ccccc1,-18.298187783521335
FC(F)C,O=C1CCCCC1=O,-8.94274799710833
Cc1cc(C)cc(C)c1,CCC(C)CC(CC)=O,-6.447820041021883
Cc1ccccc1,CCCC(OCC(COC(CCC)=O)OC(CCC)=O)=O,-17.432233903342297
CCCCCCCCN(CCCCCCCC)CCCCCCCC,CCC(OC(C)(CCC=C(C)C)C=C)=O,-7.555137219516076
CC(C)CC(C)(C)C,CC(C)C1=CCC(=CC1)C=O,-6.637533557109308
CCCCCCC,OOC(C)=O,-3.0442477490384885
CCCCCCCCC,CC(OCC=C(C)CCC=C(C)CCC=C(C)C)=O,-11.419400608937599
C(CCc1cc2)Cc1cc2,CCOC(CCCCCOC(C)=O)=O,-9.011764270978613
Cc1nc(C)ccc1,CCCCCCC(CCCCCC)=O,-10.019318446616097
CCC(C)c1ccccc1,CC1(C)CC(=O)C=C(C)C1,-6.319763153137753
CCCl,OC(=O)c(cc1)ccc1C=O,-10.847334969769502
CCI,CC1(C)CC(=O)C=C(C)C1,-7.100615683163169
C(c2ccccc2)c1ccccc1,COC(O)=O,-6.158917402359221
CCCCOC(C)=O,OC(=O)c(c(C)ccc1C)c1C,-10.425957316863583
CCCCC(C)=O,CC(OCc1ccccc1)=O,-8.276030537250797
N#CCCOCCC#N,CCCCCCCCCCCCCCCC(OC(C)C)=O,-9.38092939927502
NCCCC,CC1CC=CC2=CC(=O)C(CC21C)=C(C)C,-9.296458732691285
OCCc1ccccc1,CC(=O)C=O,-5.002409132993645
Cc1nc(C)ccc1,CCC(OC=CC1=O)=C1O,-7.704371709868841
NCCC,CCC=CCCCC=O,-8.334576906965944
OCCCCCCCCC,Oc1ccccc1C=O,-8.718504764405115
FC(F)(F)C(F)(F)C(F)(F)F,CCOC(CC(C)CC(C)(C)C)=O,-6.3270540222741625
CCCCCCCCN(CCCCCCCC)CCCCCCCC,Cc(ccc1C)cc1C=O,-6.467353689496424
Clc2c1ccccc1ccc2,OCC(O)COC(CCC)=O,-5.586425460080529
C1CC=CCC1,CC(=O)c(ccc1C)cc1C,-8.077014647343132
C1CC=CCC1,CC(=O)Oc(cc1)ccc1C,-8.42420581334314
CCOC(C)=O,O=Cc1ccc(C=O)cc1,-11.549278264973385
CCC(C)=O,OC(CCC1CCCCC1)=O,-7.514487227021189
NCCN,CC(C)(C)c1cc(C(O)=O)cc(C(C)(C)C)c1,-12.532803396598107
CC1OC1,CC(CCC=C(C)CCC=C(C)C)C=O,-9.432009756381149
COC(OC)=O,OC(=O)c1c(O)cccc1O,-12.789167496661877
CC(C)c1ccccc1,CC=CCC(C)=O,-6.821486551477592
Clc1ccccc1,CC1C(C)C=C(C)CC1C(C)=O,-6.4884405180825935
CCOC(CCC)=O,OC(C)(C)C(C)=O,-6.943265005307041
CC1OC(OC1)=O,CC(C)=CCCC(C)=CCOCC=O,-7.859700302036434
BrCCBr,COC(CCC(O)=O)=O,-8.892491844579187
CC1CCCC1,CC(C)(CCC(O)=O)C(O)=O,-5.565877705839306
CCCCCCCCCCCCCCC=C,CCC(=O)C(C)=C,-6.491356977116154
CCCCCC,COc(ccc2C(=O)c1ccc(OC)cc1O)cc2O,-13.417612940414058
CC(C)(C)CC(C)=C,CC(C)CC=C(c1ccccc1)C=O,-8.454713634381237
ClC(Cl)(Cl)Cl,CCCCCCCC1OC(CCC1)=O,-7.977898478010859
NCCCN,O=C1CCCCCCCCC1,-7.642917791439885
COCCOCCOCCOCCOC,CCCCc1ccc(C(O)=O)cc1,-11.873737673826907
CCCCc1ccccc1,CC(C)C(=O)c1ccccc1,-8.658154611835336
Cc1cc(C)ccc1,COc1ccccc1C(O)=O,-9.429845940919071
FC(F)C,CCCCCCCCC=CCCCCCCCC(OCC)=O,-13.236742074811096
CC(C)C(C)C,OC(=O)c1cc(C)ccc1C,-8.24939425014459
OCCCCCCCC,OC(=O)C=Cc1occc1,-8.778685342452128
CCCCCCCC,CC(CCc1ccccc1)=O,-7.122137446732194
C(CCc1cc2)Cc1cc2,CCC(C)CC(O)=O,-6.192026479869681
OCc1ccccc1,CCC(=C)C=O,-5.865134692947832
OCC(O)CC,OC(=O)c(cc1)ccc1O,-10.224721365100411
CNc1ccccc1,OC(=O)c(ccc1)cc1C=O,-9.626031412068272
CCCCCCCC(OC(COC(CCCCCCC)=O)COC(CCCCCCC)=O)=O,O=C1C=CC=CC=C1,-6.303230611734409
OCCCCCCCC,CCCCCCCCCOC=O,-8.46739970212699
Cc1ccccn1,CCOC(CC(C)=O)=O,-7.917627961423857
NCCCN(C)C,CC(C)CC(CC)=O,-7.39810842696096
ClCC(C)C,OC(CC1=CCCC1)=O,-9.601742715769014
NCCCN,CCCCCCOC(CCC)=O,-9.08716423205564
CC(C)OC(C)C,C=CCOC(=O)C=CC(OCC=C)=O,-10.168951395330236
COCCOCCOCCOCCOC,O=C2CCCCC2C1CCCCC1,-8.77481687144265
O=C1CCCCC1,OCC1OC(C(O)C(O)C1O)=O,-12.485512918696775
C(c2ccccc2)c1ccccc1,OC(CCCc1ccccc1)=O,-7.689164578528486
OCCc1ccccc1,CCCC(OCCc1ccccc1)=O,-10.058204195800249
CCCCCCCC,CCOC(=O)c(cc1)ccc1C,-7.456962759602507
CC1CCCC1,CCCCCCC=CCCCCCCCC(OC)=O,-12.736776904881086
N#Cc1ccccc1,CC(=O)C=O,-4.719821126559653
Cc1nc(C)ccc1,CCC(C)C(OC2CC(O)C=C(C2C1CCC(C3)OC(CC3O)=O)C=CC1C)=O,-22.72337390036711
CCCCCCOC(C)=O,CC(OC2CC3C1C=CCC1C2C3)=O,-9.237042214562937
c1cscc1,CCOC(CO)=O,-7.084134932993379
CC1CCCCC1,O=C1C=COC=C1,-4.48821351458208
Brc2c1ccccc1ccc2,CCCCCC#CC(OC)=O,-6.745641909755483
CN1CCCC1,OC1=CC(=O)OC2=CC=CC=C12,-16.415168239817913
CC(C)CC(C)(C)C,OC(=O)C(O)=O,-4.711624746178529
ClC(=C)C=C,CC2CC(=O)C=CC21CC(CC1)=C(C)C,-8.390547637378013
COCCO,CCCCCCCCCC(OC(C)C)=O,-9.789998837682134
CC#N,COC(C1CC1)=O,-5.505831617931038
CCCCCCCCCCCCCCC,CCCCOC(=O)C3(O)c1ccccc1c2ccccc32,-10.51969944959592
C=Cc1ccccc1,CCCC=CC=CC=O,-7.237364587964582
CCCCOCCCC,OC(C1CCC(CC1)C(O)=O)=O,-12.227427525847945
N#Cc1ccccc1,CCOC(C1CCCCC1)=O,-7.617308418685003
CO,Oc(ccc32)cc2C(=O)c1ccc(O)cc1C3=O,-21.0169184683783
OCCOCCOCCO,OC(CCC1CCCCC1)=O,-7.253879308728425
CC=O,O=C2c1ccccc1C=CO2,-13.50082458925873
OC(C)(C)C,CC(COc1ccccc1)=O,-9.291412428789698
SC,CC1CC(O1)=O,-7.59538513383219
OCCCC,CC(=O)Cc1occc1,-9.838115121233532
OCCCCCCC,CCC(=O)Oc1ccccc1,-7.149419175125376
ClCBr,CC(C)(C)C(C)C(C(C)C(C)=O)=C,-8.434726116494371
OCCOCCOCCCC,CC1(C)C(C1C(OCc3cc(Oc2ccccc2)ccc3)=O)C=C(C)C,-13.738765263208364
OCCCCCC,OC(CCC(=O)c2ccc(cc2)c1ccccc1)=O,-15.224572567677946
CC1CCCCC1,OC(CC=Cc1ccccc1)=O,-7.8789404668541705
CCOC(OCC)=O,CC(OC(C)C(O)=O)C(O)=O,-8.461014344235295
FC(F)C(F)C(F)(F)F,COc1ccc(C=O)cc1OC,-7.598362294419056
CCCCCCCCCCCCCCCC,CC1CC(CCCCCCCCCCC(OC1)=O)=O,-7.202132626773403
CCCCCCCCCCCCCCC,CC1(C)CC(CCC1)C(CCC=C)=O,-6.1759628440432435
CCCCCCCCCC,CC(C)=O,-2.1239108460480427
FC(F)(F)C(F)(F)C(F)(F)C(F)(F)C(F)(F)C(F)(F)F,CC(=O)c(cc1)oc1C,-4.83269371579779
CC(=O)c1ccccc1,CC(C)CC(C)CC(CC(C)C)=O,-6.697152506564505
CCC(C)=C,CC(CCCCCC=C)=O,-6.9509195268682955
CCCCC(C)=O,CCCCOC(=O)C(C)=CC,-7.885380957349326
CNC=O,O=C1CCC(CC1)=O,-9.53936045340098
COc1ccccc1,CCCCCCCCC(C)=O,-7.015074942866815
CCOCCOCCOCC,O=C(c2ccccc2)c1ccccc1,-9.442128259801098
ClC(Cl)C(Cl)Cl,O=C(OOC(=O)c1ccccc1)Oc2ccccc2,-12.186288927616078
CCCCCCCCCC,COC(OC)=O,-2.9392819547895606
CCCCCCCCCCCC,CC2(C)CCCC(CC1)=C2CC1C=O,-6.7470775850253935
OC(C)=O,CC(=C)C=O,-6.243667351777658
CCBr,CCCCC(CCC)=O,-7.118568863671843
CCCCCC#N,OCC(O)C(O)C=O,-10.174497790927857
CC(C)C(C)C(C)C,O=CCCC=C2CC3CC2C1CCCC31,-9.113374216051252
FC(F)C(F)C(F)(F)F,COC(C)COC(C)COC(C)=O,-8.445667989148829
CN1CCCC1=O,CCCCCC(CC1(C)C)C(C)C1=O,-7.918556862257919
Brc1ccccc1,COC(=O)c(cc1O)cc(O)c1O,-10.124318489906567
OCC(O)C,CC(C1CC=C(CC1)C=O)=C,-7.965949182329532
C(CC1)CCC1C2CCCCC2,CCC(C)COCC(OCC=C)=O,-6.458625474405151
CCCC,O=Cc1cc(C=O)ccc1,-7.413839596481681
CC(C)C(C)C(C)C,CC(C)CC(CC)=O,-3.8194522501316204
CCCCCCCCCCCCCCC=C,CCCCCCC(O)CCCCCCCCCCC(OC(C)C)=O,-12.956314792636944
CS(C)=O,O=C1C=CCO1,-9.69437217232242
Cc1ccccc1N(=O)=O,CC(=O)c1occc1O,-9.020937166714969
OCC(O)C,CCCCCCCCCCCCCCCC(OC(C)C)=O,-10.247783778643914
CN1CCCC1,OC(=O)Cc(cc1)ccc1C,-11.353308033735672
Cc1cc(C)ccc1,CCC(C)OC(CC)=O,-6.902367751439059
O1CCCC1,CCC(CC)C(O)=O,-8.982481618906306
ClCCCl,CCOC(C1(CC3C2)CC(C3)CC2C1)=O,-10.171750071074586
ClC(Cl)C(O)=O,CC(C(CCC1)CC1(C)C)OC=O,-8.349430409991175
CC(OCc1ccccc1)=O,CCOC(=O)C=C,-5.263915322896326
CCC(C)C,CCCCOC(=O)C(C)=C,-5.886219850849049
OCCCCCC,O=C2C=COc1ccccc21,-11.178473637842762
BrCCBr,CCCCCC(C)=O,-7.5314613861472015
OCCCCCCCCCC,OC(CCCCCCC(O)=O)=O,-10.947577876879063
CCC#N,CCOC(=O)C(C)=O,-7.072775945995568
CC(C)(C)Cl,CC(OC1=O)=CC1,-6.701090867894529
CCOc1ccccc1,O=CC=CC=CC=O,-8.080299213961414
OCCN,CC21OC1CC(CC2=O)C(C)=C,-11.781153743438477
BrC(Br)C(Br)Br,OC(CCC1CCCCC1)=O,-8.411149967327713
CC(C)=O,CCCCC(CC)COC(=O)c1cc(C(OCC(CC)CCCC)=O)ccc1C(OCC(CC)CCCC)=O,-23.869667601927922
COC(OC)=O,CCCCCCCCCCCC(OCC)=O,-9.555792753707124
OC1CCCCC1,CC(=O)c(cc1)ccc1C2(CC4C3)CC(C4)CC3C2,-11.890026434450808
CS(C)=O,CC(=O)c(ccc1C)cc1C,-9.48605557927947
CCCCCCCCCCCCCCC,CC(C)OC(=O)C=C,-5.155962900845797
COC(C)(C)C,O=C(C1)C=C1c2ccccc2,-9.945355553046442
CCCCCl,OC(=O)Oc1ccccc1,-9.487220046691952
CCCBr,CCCCOC(CC(C)C)=O,-9.04473134026804
CC(C)CC(C)(C)C,CCCOC(C(C)C)=O,-5.073153173553182
FC(F)(F)C(F)(F)C(F)(F)C(F)(F)C(F)(F)C(F)(F)C(F)(F)F,CC1(C)CC(C)C(CC1)=O,-3.7042373605888894
CCOC(=O)c1ccccc1C(OCC)=O,CCCCCCCCCCCCCOC(C)=O,-10.284584513006287
S=C=S,CCOC(C(O)(C)C)=O,-5.485175826062831
CC(C)c(cc1)ccc1C,CCOCC(OCC)=O,-7.110939402384889
CCC,CC(C)(CCC(O)=O)C(O)=O,-6.759890624827601
CC(OCc1ccccc1)=O,OC(=O)C=CC=C,-6.884394522710945
Cc1nc(C)ccc1,CCCCCC(OCC)=O,-7.636889960128206
CI,CCCCCCCCCC(O)=O,-9.632283672058685
CCC(C)(C)C,OCCCCCC(O)=O,-6.145286283824858
CCCCc1ccccc1,CCCCCCCCCCCCCC(OC(C)C)=O,-12.8842531385442
CC(C)(C)CC(C)=C,O=Cc2cc1OCOc1cc2,-9.197142916507087
OCCC,COc1ccccc1CC(O)=O,-10.572264210283098
CSC,CCCC(C)(C)C(O)=O,-8.118979468896303
CN(C)C(C)=O,CC1OC(=O)C(O)=C1C,-9.972986176147383
FC(F)(F)C(F)(F)C(F)(F)F,CCC=CCCOC(=O)c1ccccc1O,-8.93051162206252
OC(C)(C)C,CCC(CC(C)=O)=O,-7.369379885398177
ClC1CCCCC1,CC1(CC=C(CC1)CCC=C(C)C)C=O,-8.339673052968639
CCOP(OCC)(OCC)=O,Oc1ccc(C=O)cc1O,-17.762953229492265
CCCCCCCCCCCCC,O=C1CCCO1,-1.1491040446286203
COP(OC)(OC)=O,CCC=CCCC=O,-5.103816925186926
Clc1ccccc1,CCCCCCCCCCCCCCCC(OC)=O,-11.965222571963526
COc1ccccc1,CCCCCCCCCCCCCC(OC)=O,-11.077632068624919
CC(C)c1ccccc1,CC32CCCC(C)(C2CC=C(CC1(C)C=C)C3CC1)C(O)=O,-14.393599349828353
ClCCCl,CC32CCCCC2CCC4C1CCC(C1(C)CCC43)=O,-10.708647235079729
Clc2c1ccccc1ccc2,CC(C2(C3)CC(CC3C1)CC1C2)=O,-9.244325008722072
CNC=O,CCOC(=O)c1ccccc1,-7.610522653299489
FC(F)C,O=C1CCCCCCCC=CCCCCCCC1,-9.352303326389377
CCCCCCCCCCCCCC,CCOC(=O)C(C)=C,-5.4462087702109505
CCN(CC)CC,CC(C)CC(O)=O,-8.744289559080098
CCBr,CCCC(OCCc1ccccc1)=O,-10.188312127912106
OCC(O)C,CC(C)COC(CCC)=O,-5.779179622783047
CCCCOCCCC,CCCCC=CC(O)=O,-6.6556604888531306
OCc1ccccc1,CC(C)CCCCCCCCCCC=O,-8.536290396178282
CCCCCCCC,CC(CC(OCC=C)=O)=O,-6.304138350559061
ClC(Cl)(Cl)Cl,O=C1CCCCCCCCCCCCC1,-9.777166863450455
O(c2ccccc2)c1ccccc1,CC(C)CCC(OCC)=O,-6.996741403083762
CC(C)CC(C)=O,OC(CCCCCCCCCCCCCCC(O)=O)=O,-17.38565464994798
CC=O,CCOc1ccc(C=O)cc1,-8.950253549261245
CCC(C)=C,CCCCCCCCCCCC(OCc1ccccc1)=O,-17.188690639610517
CC(C)(C)c1ccccc1,CCC(OCC(COC(CC)=O)OC(CC)=O)=O,-11.316347748960254
CCCCOC(C)=O,CC1(C)CC(=CCC1)C(CCC=C)=O,-9.206379576719161
CCc1ccccc1,CCC(C)=CC(CC)=O,-7.257146054707204
CCNCC,CC1=CCCC1=O,-5.968570139779493
CC(C)(C)c1ccccc1,CCCCC(CC)COC(CCCCC(OCC(CC)CCCC)=O)=O,-16.937264248926365
NCCCC,CCC(C)C(OCCc1ccccc1)=O,-10.19140567955072
Brc1ccccc1,OC(=O)c(ccc1)cc1O,-8.88168167758855
CCCCCCCCCCCCCC,CCCCOC(=O)C(C)=C,-5.507909393118018
OCCS,OC(=O)c2c1ccccc1ccc2,-10.751956679572853
OCC1CCCO1,COC(=O)c(ccc1cc2C(OC)=O)cc1cc2,-10.89351270188003
CC(C)c1ccccc1,CC(C)=CCCC(C)=CCCC=O,-9.113613680894563
CCBr,OC(=O)c(cc1)ccc1C,-10.545042904995729
CCCOCC(O)C,CC(C)(C)C(C)=O,-8.341005145771442
CCC(C)c1ccccc1,Cc(ccc1C=CC2=O)cc1O2,-9.402628533896593
O=C1CCCCC1,CCCCCCCCCCCCCCCCCCCCCC(OC)=O,-15.597089229214513
CCCCCCCC(OC(COC(CCCCCCC)=O)COC(CCCCCCC)=O)=O,CCCCCCCCCCOC(=O)c1ccccc1C(OCCCCCCCCCC)=O,-19.48054990253997
NCC,CC1CCC(C)C1=O,-7.746886743666648
OCc1occc1,CCCCCCCCCCCCCCCCCC(OCCCC)=O,-14.396226084246255
OCC(O)C,CCCCCCCCCC(OC)=O,-7.182494282041785
CCN1CCCC1=O,O=CCCC=C,-6.930588961671008
ClC(Cl)(Cl)Cl,OC(=O)C(C)=C,-5.005695927191864
CN(=O)=O,CC(COC(C)=O)C1CC=C(C)CC1,-8.315469283154506
CC1CCCCC1,CC(OCC(COC(C)=O)OC(C)=O)=O,-7.213556213589409
CC(OCc1ccccc1)=O,CCCCCCCOC=O,-6.485686672384492
Cc1ccccc1,CC(C)(C)OC(=O)c1ccccc1,-9.088492426593552
CCOC(C)(C)C,CCCCC(CCC)=O,-6.183269863134202
CCNC(C)=O,CC(C)C(C(C)C)=O,-4.447437106925724
OCCCC,COc1ccc(C(C)=O)cc1,-10.510134221343021
O1CCCCC1,CCCCCCCC1CCCC1=O,-9.089188823771606
Clc2c1ccccc1ccc2,COC1=C2C=CC(=O)OC2=CC2=C1C=CO2,-8.778541385098649
ClC(Cl)(Cl)Cl,CCOC(=O)C=CC=CC,-7.3576227184864855
ClC(Cl)=C(Cl)Cl,CCCCOC(=O)c2ccccc2C(OCc1ccccc1)=O,-14.316216564159197
OCCCl,CCCCCCCCCCC(OC)=O,-7.78796665908953
CCC(C)=C,CCC(O)(CC)C(O)=O,-6.5836005054453395
CN1CCCC1=O,Oc2ccccc2C(=O)c1ccccc1,-9.581270977693167
CCOC(CCC)=O,CCCCCCCCCCC=CC=O,-10.413216673409353
Cc1cc(C)ccc1,CCCCCCC(OC(C)C)=O,-9.334708229355703
O(Cc2ccccc2)Cc1ccccc1,Cc1ccc(C=O)cc1,-7.537291519739401
C=CC=C,O=C4C2C3C=CC1C4CC2OC31,-8.765404789310475
O(c2ccccc2)c1ccccc1,O=C9c5ccc7c6c5c(c2ccccc92)ccc6c4ccc(c1ccccc81)c3c4c7ccc3C8=O,-20.608025565681256
CC(=O)c1ccccc1,CCC(OCc1ccccc1)=O,-8.416916614891685
ClCBr,CCOC(C(C)(C)C)=O,-7.344632029184239
CCC1OC1,CCCC(C(CC)Cc1ccccc1)=O,-8.549037722372326
C(CC1)CCC1C2CCCCC2,COC(=O)c(ccc1cc2C(OC)=O)cc1cc2,-8.459171578731754
CCCCN(CCCC)C=O,CCCCCCCCCC1OC(CCC1)=O,-9.073826040283098
CCCCC#N,CCC1CCC(CC1)=O,-7.7123258409317295
SC,CCOC(=O)C(O)c1ccccc1,-12.47125153426376
CC#N,CC(C2(C3)CC(CC3C1)CC1C2)=O,-7.232479505160994
CN1CCCC1,CCCC(OC(CCC)=O)=O,-7.382861199181725
Clc2c1ccccc1ccc2,OC=O,-3.0175969826626865
c1ccccc1,CCC(C)=O,-4.378677840090763
OCCO,CC(C)=CCCC(C)=CCOC(=O)C(C)=CC,-8.27332736899628
FCCCCCCCC,O=C1CCC1=O,-5.284195767545014
ClC(Cl)C(O)=O,OC(=O)c1ccccc1O,-8.94526766846547
CCCCl,CC1OC(C)=CC1=O,-7.9790735264280475
O=CN,OCCCC(C)=O,-9.099723884639925
Nc1ccccc1,OC(CCCc1ccccc1)=O,-9.1475723017038
OCCC(C)C,CCOC(=O)C=C,-6.923355452717997
CCCCCC,CC(CCC=C(C)C)(OC(=O)Cc1ccccc1)C=C,-10.762370615782054
NC(C)C,CCCCCCOC(=O)c1ccccc1O,-11.70094332348578
CCCC,CC(C)C(OCC=C(C)C)=O,-7.601191877835042
Cc1cc(C)ccc1,OC(=O)c1ccc(cc1)OC(=O)C(C)=C,-11.267606072341321
FC(F)C(F)C(F)(F)F,O=C1OC(CCC1)=O,-9.519049936423132
CNC=O,CCCC1OC(CC1)=O,-9.582716677072797
CCCl,CCCCC(=O)c1occc1,-9.347784680485557
Ic1ccccc1,CCC(O)(CC)C(O)=O,-7.346322205462042
CCC(C)=C,COC1=CC=C(\C=C\C(=O)OCCC(C)C)C=C1,-12.09719387469335
CCOc1ccccc1,CC1(C)CCC=C(C)C1C=CC(CCC=C)=O,-9.554353737067306
CC(C)(C)CC(C)=C,CCCCCC=CCC=CCCCCCCCC(O)=O,-13.749945765363659
CCCCNCCCC,CC1CCC(=O)C1=O,-6.421194334920381
OCCCC,CC1CCC2C1(CCC3(C)OC(C)=O)CC3C2(C)C,-10.732214752374128
FC(F)C(F)C(F)(F)F,COC(COc1ccccc1)=O,-9.351604701631384
OCCOCCCC,CCCCCC(O)C=CC1C(CC=CCCCC(O)=O)C(CC1O)=O,-22.754979918314543
OCCC#N,CCC(C)CC(CC)=O,-6.885791772226928
CCI,CC1CCC2C1(CC3C2(C)C)CC=C3COC(C)=O,-12.137107234347557
COC(CC#N)=O,CC1C(CCC1(C)OC(C)=O)C(C)=C,-6.3935155404032855
CNC(C)=O,CCCC(O)C(O)=O,-7.100359511470322
OCc1ccccc1,CC(CCC1C(C)C)CC1OC(C)=O,-9.008105749378275
NC(C)C,COC(C)(C)CCCC(C)CC=O,-9.265163462145177
CC(C)CC(C)C,CC41C(CCC1C3CCC2=CC(CCC2(C)C3CC4)=O)C(C)=O,-9.110190168977663
CCCCCCCC,OC(=O)C(O)=O,-3.5069216710687474
CCC(C)c1ccccc1,CC=CC(OC(=O)C=CC)=O,-7.7723206945014285
BrCCBr,CC1CCC(C)C(C1(C)C)C=CC(C)=O,-9.15779717206578
CCC(O)(C)C,OC(C)C(C)C=O,-5.662231119153726
Cc1ncccc1C,CCC(C)OC(C)=O,-4.853221421819573
CCCC(C)=O,OCCCC=O,-9.062070544056358
CCCCCCCCCCC,CCOC(C1CC1)=O,-5.006910515152947
CCCCC=C,CCC=CCCOC(C)=O,-6.2229547566210375
CCCCCCCCCCCCCCC,CCCCCC(C(C)C(C)=O)=O,-6.2590493481431295
CCCCCCC,CC41C(CCC1C3CCC2=CC(CCC2(C)C3CC4)=O)C(C)=O,-9.519335901997646
CCCCN(CCCC)C=O,CC21CC(CC1CCCC2)=O,-7.389027140449546
CCCC(C)C,CCCCCC(O)=O,-6.1496573525578
C1CCCC1,OC(=O)Oc1ccccc1,-8.112693795206825
ClCCl,OCC(=O)C(O)=O,-8.335098717566375
SC,CC3(C)CCC(C(C2(C)C)C31CC2CC1)=O,-12.324770332714113
BrC(Br)C(Br)Br,CC1OCC(C1O)=O,-7.311385955507604
CCCCCCCCCC,CCCCCCCC(OC)=O,-6.8522410769938
OCc1occc1,CCCCCCOC(=O)c1ccccc1,-9.565094570632379
C1CC=CCC1,CCCCCCCC1CC1C(O)=O,-8.585308014262012
OCCOCC,CCCCC(OCCC(C)C)=O,-9.313737791821284
CCNCC,CCC1C=CC(O1)=O,-7.392298898483185
CN1CCCC1=O,CC(=O)c1ccccc1C,-7.539790864429609
O(c2ccccc2)c1ccccc1,CCC1=C(O)C(CC1C)=O,-6.176529206242428
NCCCC,OCC(OC=C1O)=CC1=O,-13.53507310871331
OCc1ccccc1,CC(OC1CC(CC=C1C)C(C)=C)=O,-9.524275560509711
OCCS,CCOC(=O)C(O)c1ccccc1,-10.5432820030549
C(CC1)CCC1C2CCCCC2,COC(=O)c1ccccc1O,-7.821688321082883
CCCCl,CCCCCCOC(CC)=O,-9.238676144447311
OCCCCCCC,OC(=O)c1ccc(C(O)=O)cc1,-10.236492732834206
C(CCc1cc2)Cc1cc2,CCCC(OC(C)C)=O,-5.38036596240955
CCCCC(CC)COC(=O)c1ccccc1C(OCC(CC)CCCC)=O,O=C3c2cc1c(C(OC1=O)=O)cc2C(O3)=O,-4.9941409131595265
CNC=O,COc(ccc1OC)cc1C(O)=O,-12.225287726482073
CCCCCCCCCCCCC,CC(CCOC(C(C)C)=O)CCC=C(C)C,-9.766833955461493
N#CCc1ccccc1,CC(C)(C)C(C)C(C(C)C(C)=O)=C,-6.501269150944366
N#CCc1ccccc1,CCCCC(CCC)=O,-5.4158134419597115
CCCCCCCCCCCCCCC=C,CC(C)=CC(=O)C=C(C)C,-7.05521537645093
CCC#N,OC(CC=C)=O,-6.8749696319941265
CC(C)c1ccccc1,CC2=Cc1ccccc1OC2=O,-9.847306951399359
COP(OC)(OC)=O,CCCCOC=O,-4.183634282107175
CCC=C,CCOC(C1OC1(C)c2ccccc2)=O,-10.31399525092502
CCCCCC#N,O=C(c1ccccc1C3=O)C2=C3C(=O)C=CC2=O,-15.376496025463123
CC(C)(C)CC(C)=C,OCC=O,-3.591125306507438
CCC(O)(C)C,CC(OCC(C)=O)=O,-6.392794361398424
Cc1ccc(C)cc1,CCCCC(C)C(O)=O,-6.807524080427481
CCOC(=O)c1ccccc1,OC(C1CCCCCC1)=O,-8.172760488229518
OCCOCCO,CCC(OC1C)=C(O)C1=O,-8.894726107256798
CCCCN(CCCC)C=O,CCCCCCCCCC(OCC)=O,-9.896586867020762
CCCCCl,CCCCC(OC)=O,-7.438154745292703
SC,O=COC1CCCCC1,-7.982955084469658
CCCCCCCCCCCCCCC=C,CCCCOC(C(C)C)=O,-6.113378428795856
CN1CCCCC1=O,CCOC(=O)c(cc1)ccc1OC,-8.751051934876266
ClC(=C)C=C,CCCCCCOC(C(C)CC)=O,-10.677987938605861
OCCCCCC,COC(=O)c(cc1)ccc1C(O)=O,-10.33009926163783
CCCCCCCCCCCCC,CCCCCCCCCCCCCCCCCCCCCC(OCC)=O,-17.2024893835352
CCCCc1ccccc1,CC1CCCCCC1=O,-6.598851631489466
FC(F)(F)C(F)(F)C(F)(F)C(F)(F)C(F)(F)C(F)(F)F,CC(CCC=C(C)C)(OC=O)C=C,-5.058907799850971
COP(OC)(OC)=O,O=C1C(=COC2=CC=CC=C12)C1=CC=CC=C1,-13.208368716953727
n1ccccc1,CC(C)C(CC=C1C)CC1=O,-8.244492460491468
OC1CCCCC1,CCCCCCCCOC=O,-8.48085762632119
FC(F)C,OCC=C(C)CCC(C1(C)CCC2)C(CCC1C2(C)C=O)=C,-9.415392288492676
CCCCCC(C)=O,CC(CCCC1(C)C)C1CCC(C)=O,-7.6632400032124055
CC(C)(C)CC(C)CC(C)(C)CC(C)(C)C,CCCCCCCCCC=CC=O,-6.32536774426125
COC(C)(C)C,OC(=O)c(cc1C)cc(C)c1,-9.089168775552166
O=Cc1occc1,OC(=O)c(cc1)ccc1C,-9.884346872157554
OCCN,CCCc1ccc(C(O)=O)cc1,-9.291218350887618
CCCCl,OC(=O)C(c1ccccc1)=O,-10.83962949231717
OCCOCCOCC,CCC(C)C(OC2CC(C)C=C(C2C1CCC(C3)OC(CC3O)=O)C=CC1C)=O,-22.740400407621664
O=CN,CCC=CCCC1(C)OC(CC1)=O,-8.331513984551474
C1OCCOC1,CCCCCCCC(O)=O,-7.444965570952517
CCCCl,CCCC(C)OC(C)=O,-7.150271781346569
CC(C)OC(C)C,O=C1C(=COC2=CC=CC=C12)C1=CC=CC=C1,-11.859485060489899
CCC,OC(CC(C)=O)=O,-5.566288694337829
CCCC(C)CC,CC1=CC(=O)OC2=C1C=CC(O)=C2,-9.379121718155497
CC(Cl)Cl,CCCCOC(C(O)C)=O,-7.991028391059219
CC(Cl)(Cl)Cl,CC1(CCC2C1(C)C)CC2=O,-7.04057572109973
OCC,CCC(C)CC(C)=O,-6.7459181296677695
CN(C)C(C)=O,CC(C)CCOC(C(C)CC)=O,-8.71220711747347
CC(CC(C)=O)=O,CCOC(C(O)C(O)C(OCC)=O)=O,-8.308730853842672
O1CCCCC1,CC(OCCOC(C)=O)=O,-11.136364023593634
Clc1ccccc1Cl,CC(C)CC(OC)=O,-5.984286273135634
CCCCl,CCC(C)CC(CC)=O,-6.447897449424722
CCBr,CC4OC(C(O)C(O)C4O)OC3=C(Oc(cc(O)cc1O)c1C3=O)c(cc2O)cc(O)c2O,-29.48700605161895
CC(Cl)Cl,CCOC(OC1CCCCC1C(C)(C)C)=O,-10.063641439980918
OCCc1ccccc1,Oc1ccc(C=O)cc1,-8.335767548442696
CCCCCN(CCCCC)CCCCC,CCCCCCCCCCC(O)=O,-7.744264325184877
CCOC(=O)c1ccccc1,CC1CC(=O)C(C1C)=O,-6.001201401393295
FC(F)C,CC(=O)C#C,-8.946048156786176
CCC(C)c1ccccc1,CCCCCCCCCCCCCOC(C)=O,-12.043961257696072
CCOC(C)=O,OC(=O)c1ccc(C(C)=O)cc1,-12.685873501156266
BrC(Br)C(Br)Br,CCCCCC(=O)C=C,-7.043355183967115
CCCCCCCl,CC(C)C(CC1C(C)=O)CC=C1C,-8.094102969940955
CN1CCCC1,COC2CC3C1CC(CC1C2C3)C=O,-9.210751202347089
Fc1c(F)c(F)c(F)c(F)c1F,O=C1CCCCCCCCCCCCCCCCC1,-11.68834844729373
CC(CC(C)=O)=O,CCCCCOC(CCCC)=O,-8.161056783236333
OCCOCCOCCO,OC(C)(C)C(C)=O,-9.169393117879475
OCCS,OC(CCCCCCCCCC=C)=O,-9.778324648123126
ClC(=C)C=C,CC(CCCCCCCC=C)=O,-9.197447816511072
CC(C)c(cc1)ccc1C,COC(=O)c1ccc(C(OC)=O)cc1,-8.803446842593186
NCCN,CCOC(CC(C)=O)=O,-10.059965097741077
COc1ccccc1,CCCC(=O)C(CCC)=O,-7.441342969078675
CCCCCCCCCCCCCC,CCCCCCOC(=O)c1ccccc1,-7.188473106594832
CCOP(OCC)(OCC)=O,CC1CCCCCC1=O,-6.164295894119032
N#CCCOCCC#N,O=C2COc1c(OC2)cccc1C,-7.094930899161912
C(CCc1cc2)Cc1cc2,O=C1OCCOC(CCCCCCCCCC1)=O,-8.935425384957806
OC(C)=O,COC1C(C(C)OC1C)=O,-8.423088682004334
CCC(C)(C)C,CC(C)CCCC(CC1)=CCC1(C)C=O,-7.5654720766374846
N#CCCCC#N,COC(C(C)C(OC)=O)=O,-6.757733213657844
CC(C)C,C=CC(OCC1OC1)=O,-5.939920677304502
CCCCC(CC)COC(CCCCC(OCC(CC)CCCC)=O)=O,COc1cc(C(C)=O)ccc1O,-9.638006603366378
CCCCC(CO)CC,OC(=O)c1ccccc1C(O)=O,-9.249156908054644
OCCC#N,O=C1CC=CO1,-9.696074043394898
CCN1CCCC1=O,O=C(OCc2ccccc2)c1ccccc1,-8.999474434014296
OCCCCCCCC,CCC(OC(C)(CCC=C(C)C)C=C)=O,-8.019358195813135
C(C=Cc1cc2)c1cc2,OC(C(=O)c2ccccc2)c1ccccc1,-9.034877640413196
C#N,OCCC(OC)=O,-9.698017885338118
OCCC,CC(C)C(=O)Oc1cc(C=O)ccc1OC,-15.595299647181985
SC,CC(CCC=C(C)CCC=C(C)C)=O,-10.149867161108144
CCC,CCCCCCCC(OC(C)CCCC)=O,-12.945920208528452
CCCC,CC1OC(CC1)=O,-4.2220589222442015
OCc1ccccc1,CCCCCC(OC)=O,-6.553891828709927
CCC(O)CC,CCCCCCCCC=CCCCCCCCCCCCC(O)=O,-18.77600590775871
S=C=S,O=c3c1ccccc1c2ccccc32,-11.070822078307582
CO,CC(CCc(cc1)ccc1C)=O,-10.270103851173147
C(CCc1cc2)Cc1cc2,Oc1c(=O)c(=O)c1O,-15.858742996288074
CCCCN(CCCC)C=O,CC(C)CCOC(=O)c1ccccc1O,-10.51299415553566
OCCOCC,CC(CCC1C(C)C)CC1OC(CC(C)C)=O,-9.718217023319076
CC(C)C(C)C(C)C,Cc2ccc(OC(=O)Cc1ccccc1)cc2,-9.713251190742742
Clc1ccccc1,OC(=O)Cc1ccccc1,-8.922212216109273
COCCOCCOCCOCCOC,CCCCCCCCCCOC(=O)c1ccccc1C(OCCCCCCCCCC)=O,-18.60460031428505
COCCO,OC(=O)c(cc(C)cc1C)c1C,-11.369459519745908
OCCOCCOCC,CCCCCCC(C)=O,-6.153774477177833
Cc2c1ccccc1ccc2,CC(COC(C)=O)OC(C)=O,-6.413947460487743
O=S=O,CC(C)=CCOC(=O)c1ccccc1,-9.196037479962957
FC(F)(F)C(F)(F)C(F)(F)C(F)(F)C(F)(F)C(F)(F)C(F)(F)C(F)(F)F,CC(=O)CC(=O)c1ccccc1,-4.958895586488719
CCCCC(CC)COC(=O)c1ccccc1C(OCC(CC)CCCC)=O,OC(=O)c(cc1)ccc1O,-15.205642732590293
CC(=O)c1ccccc1,CC(OC1CC(CC=C1C)C(C)=C)=O,-8.739946056648886
BrC(Br)Br,OC(C1CC=CCC1)=O,-6.458806465275098
O,C(OC(=O)CCCCCCCCCCCCCCCCC)(COC(=O)CCCCCCCCCCCCCCCCC)COC(=O)CCCCCCCCCCCCCCCCC,-7.180941658825141
CC#N,C(OC(=O)CCCCCCCCCCCCCCCCC)(COC(=O)CCCCCCCCCCCCCCCCC)COC(=O)CCCCCCCCCCCCCCCCC,-25.635261939895337
CO,C(OC(=O)CCCCCCCCCCCCCCCCC)(COC(=O)CCCCCCCCCCCCCCCCC)COC(=O)CCCCCCCCCCCCCCCCC,-36.77864481689669
CCO,C(OC(=O)CCCCCCCCCCCCCCCCC)(COC(=O)CCCCCCCCCCCCCCCCC)COC(=O)CCCCCCCCCCCCCCCCC,-36.20303593339003
c1ccc2cnccc2c1,C(OC(=O)CCCCCCCCCCCCCCCCC)(COC(=O)CCCCCCCCCCCCCCCCC)COC(=O)CCCCCCCCCCCCCCCCC,-29.93118994637552
c1ccc2c(c1)cccn2,C(OC(=O)CCCCCCCCCCCCCCCCC)(COC(=O)CCCCCCCCCCCCCCCCC)COC(=O)CCCCCCCCCCCCCCCCC,-30.406576667110787
C(Cl)(Cl)Cl,C(OC(=O)CCCCCCCCCCCCCCCCC)(COC(=O)CCCCCCCCCCCCCCCCC)COC(=O)CCCCCCCCCCCCCCCCC,-30.116911082319433
CCOCC,C(OC(=O)CCCCCCCCCCCCCCCCC)(COC(=O)CCCCCCCCCCCCCCCCC)COC(=O)CCCCCCCCCCCCCCCCC,-35.476969618144764
C(Cl)Cl,C(OC(=O)CCCCCCCCCCCCCCCCC)(COC(=O)CCCCCCCCCCCCCCCCC)COC(=O)CCCCCCCCCCCCCCCCC,-35.61336879289594
CC(Cl)Cl,C(OC(=O)CCCCCCCCCCCCCCCCC)(COC(=O)CCCCCCCCCCCCCCCCC)COC(=O)CCCCCCCCCCCCCCCCC,-36.66413607019423
C(Cl)(Cl)(Cl)Cl,C(OC(=O)CCCCCCCCCCCCCCCCC)(COC(=O)CCCCCCCCCCCCCCCCC)COC(=O)CCCCCCCCCCCCCCCCC,-31.799489084955
c1ccccc1,C(OC(=O)CCCCCCCCCCCCCCCCC)(COC(=O)CCCCCCCCCCCCCCCCC)COC(=O)CCCCCCCCCCCCCCCCC,-36.13035000001972
Cc1ccccc1,C(OC(=O)CCCCCCCCCCCCCCCCC)(COC(=O)CCCCCCCCCCCCCCCCC)COC(=O)CCCCCCCCCCCCCCCCC,-35.36289302195024
c1ccc(cc1)Cl,C(OC(=O)CCCCCCCCCCCCCCCCC)(COC(=O)CCCCCCCCCCCCCCCCC)COC(=O)CCCCCCCCCCCCCCCCC,-35.678233693104644
CN(=O)=O,C(OC(=O)CCCCCCCCCCCCCCCCC)(COC(=O)CCCCCCCCCCCCCCCCC)COC(=O)CCCCCCCCCCCCCCCCC,-38.19923714304796
CCCCCCC,C(OC(=O)CCCCCCCCCCCCCCCCC)(COC(=O)CCCCCCCCCCCCCCCCC)COC(=O)CCCCCCCCCCCCCCCCC,-36.134214851211794
C1CCCCC1,C(OC(=O)CCCCCCCCCCCCCCCCC)(COC(=O)CCCCCCCCCCCCCCCCC)COC(=O)CCCCCCCCCCCCCCCCC,-36.47443759027139
c1ccc(cc1)N,C(OC(=O)CCCCCCCCCCCCCCCCC)(COC(=O)CCCCCCCCCCCCCCCCC)COC(=O)CCCCCCCCCCCCCCCCC,-34.61532610514536
CC(=O)C,C(OC(=O)CCCCCCCCCCCCCCCCC)(COC(=O)CCCCCCCCCCCCCCCCC)COC(=O)CCCCCCCCCCCCCCCCC,-35.75852235680266
C1CCOC1,C(OC(=O)CCCCCCCCCCCCCCCCC)(COC(=O)CCCCCCCCCCCCCCCCC)COC(=O)CCCCCCCCCCCCCCCCC,-34.781666181840464
CS(=O)C,C(OC(=O)CCCCCCCCCCCCCCCCC)(COC(=O)CCCCCCCCCCCCCCCCC)COC(=O)CCCCCCCCCCCCCCCCC,-15.459448039424265
CCCCCCCCO,C(OC(=O)CCCCCCCCCCCCCCCCC)(COC(=O)CCCCCCCCCCCCCCCCC)COC(=O)CCCCCCCCCCCCCCCCC,-29.509082482592483
CC(Cl)(Cl)Cl,C(OC(=O)CCCCCCCCCCCCCCCCC)(COC(=O)CCCCCCCCCCCCCCCCC)COC(=O)CCCCCCCCCCCCCCCCC,-34.86408441195901
C(C(Cl)Cl)Cl,C(OC(=O)CCCCCCCCCCCCCCCCC)(COC(=O)CCCCCCCCCCCCCCCCC)COC(=O)CCCCCCCCCCCCCCCCC,-33.82372216055016
Cc1cc(c(cc1)C)C,C(OC(=O)CCCCCCCCCCCCCCCCC)(COC(=O)CCCCCCCCCCCCCCCCC)COC(=O)CCCCCCCCCCCCCCCCC,-33.52450471298553
C(CBr)Br,C(OC(=O)CCCCCCCCCCCCCCCCC)(COC(=O)CCCCCCCCCCCCCCCCC)COC(=O)CCCCCCCCCCCCCCCCC,-36.81524395527469
C(CO)O,C(OC(=O)CCCCCCCCCCCCCCCCC)(COC(=O)CCCCCCCCCCCCCCCCC)COC(=O)CCCCCCCCCCCCCCCCC,-36.065574203008524
C1COCCO1,C(OC(=O)CCCCCCCCCCCCCCCCC)(COC(=O)CCCCCCCCCCCCCCCCC)COC(=O)CCCCCCCCCCCCCCCCC,-36.782431702790944
CC(C)CBr,C(OC(=O)CCCCCCCCCCCCCCCCC)(COC(=O)CCCCCCCCCCCCCCCCC)COC(=O)CCCCCCCCCCCCCCCCC,-36.81591445683597
CCCCCCCCBr,C(OC(=O)CCCCCCCCCCCCCCCCC)(COC(=O)CCCCCCCCCCCCCCCCC)COC(=O)CCCCCCCCCCCCCCCCC,-34.6497644909837
CCCCCBr,C(OC(=O)CCCCCCCCCCCCCCCCC)(COC(=O)CCCCCCCCCCCCCCCCC)COC(=O)CCCCCCCCCCCCCCCCC,-35.92355484407428
CCCBr,C(OC(=O)CCCCCCCCCCCCCCCCC)(COC(=O)CCCCCCCCCCCCCCCCC)COC(=O)CCCCCCCCCCCCCCCCC,-37.63272792358721
CCCCO,C(OC(=O)CCCCCCCCCCCCCCCCC)(COC(=O)CCCCCCCCCCCCCCCCC)COC(=O)CCCCCCCCCCCCCCCCC,-33.84553462330108
CCCCCCCl,C(OC(=O)CCCCCCCCCCCCCCCCC)(COC(=O)CCCCCCCCCCCCCCCCC)COC(=O)CCCCCCCCCCCCCCCCC,-35.73238616139249
CCCCCCl,C(OC(=O)CCCCCCCCCCCCCCCCC)(COC(=O)CCCCCCCCCCCCCCCCC)COC(=O)CCCCCCCCCCCCCCCCC,-36.308026231018275
CCCCl,C(OC(=O)CCCCCCCCCCCCCCCCC)(COC(=O)CCCCCCCCCCCCCCCCC)COC(=O)CCCCCCCCCCCCCCCCC,-37.637595185751294
CCCCCCCCCCO,C(OC(=O)CCCCCCCCCCCCCCCCC)(COC(=O)CCCCCCCCCCCCCCCCC)COC(=O)CCCCCCCCCCCCCCCCC,-29.604285907764016
CCCCCCCCF,C(OC(=O)CCCCCCCCCCCCCCCCC)(COC(=O)CCCCCCCCCCCCCCCCC)COC(=O)CCCCCCCCCCCCCCCCC,-33.810606169876415
CCCCCCCO,C(OC(=O)CCCCCCCCCCCCCCCCC)(COC(=O)CCCCCCCCCCCCCCCCC)COC(=O)CCCCCCCCCCCCCCCCC,-31.021193816698172
CCCCCCO,C(OC(=O)CCCCCCCCCCCCCCCCC)(COC(=O)CCCCCCCCCCCCCCCCC)COC(=O)CCCCCCCCCCCCCCCCC,-31.356923527023234
CCCCC=C,C(OC(=O)CCCCCCCCCCCCCCCCC)(COC(=O)CCCCCCCCCCCCCCCCC)COC(=O)CCCCCCCCCCCCCCCCC,-35.57502991458652
CCCCC#C,C(OC(=O)CCCCCCCCCCCCCCCCC)(COC(=O)CCCCCCCCCCCCCCCCC)COC(=O)CCCCCCCCCCCCCCCCC,-36.233233007026804
CCCCI,C(OC(=O)CCCCCCCCCCCCCCCCC)(COC(=O)CCCCCCCCCCCCCCCCC)COC(=O)CCCCCCCCCCCCCCCCC,-36.47848510301837
CCCCCCCCCCCCCCCCI,C(OC(=O)CCCCCCCCCCCCCCCCC)(COC(=O)CCCCCCCCCCCCCCCCC)COC(=O)CCCCCCCCCCCCCCCCC,-30.85573140649856
CCCCCI,C(OC(=O)CCCCCCCCCCCCCCCCC)(COC(=O)CCCCCCCCCCCCCCCCC)COC(=O)CCCCCCCCCCCCCCCCC,-35.93951322674866
CCCI,C(OC(=O)CCCCCCCCCCCCCCCCC)(COC(=O)CCCCCCCCCCCCCCCCC)COC(=O)CCCCCCCCCCCCCCCCC,-37.21316101472323
CCCN(=O)=O,C(OC(=O)CCCCCCCCCCCCCCCCC)(COC(=O)CCCCCCCCCCCCCCCCC)COC(=O)CCCCCCCCCCCCCCCCC,-36.71764922303993
CCCCCCCCCO,C(OC(=O)CCCCCCCCCCCCCCCCC)(COC(=O)CCCCCCCCCCCCCCCCC)COC(=O)CCCCCCCCCCCCCCCCC,-29.90044600186402
CCCCCO,C(OC(=O)CCCCCCCCCCCCCCCCC)(COC(=O)CCCCCCCCCCCCCCCCC)COC(=O)CCCCCCCCCCCCCCCCC,-32.19605623096123
CCCC=C,C(OC(=O)CCCCCCCCCCCCCCCCC)(COC(=O)CCCCCCCCCCCCCCCCC)COC(=O)CCCCCCCCCCCCCCCCC,-36.06552742382983
CCCO,C(OC(=O)CCCCCCCCCCCCCCCCC)(COC(=O)CCCCCCCCCCCCCCCCC)COC(=O)CCCCCCCCCCCCCCCCC,-35.19779370728049
C(C(F)(F)F)O,C(OC(=O)CCCCCCCCCCCCCCCCC)(COC(=O)CCCCCCCCCCCCCCCCC)COC(=O)CCCCCCCCCCCCCCCCC,-35.75605197065164
CC(C)CC(C)(C)C,C(OC(=O)CCCCCCCCCCCCCCCCC)(COC(=O)CCCCCCCCCCCCCCCCC)COC(=O)CCCCCCCCCCCCCCCCC,-35.3843668925506
CC(C)CC(C)C,C(OC(=O)CCCCCCCCCCCCCCCCC)(COC(=O)CCCCCCCCCCCCCCCCC)COC(=O)CCCCCCCCCCCCCCCCC,-35.91788119797271
Cc1cc(ncc1)C,C(OC(=O)CCCCCCCCCCCCCCCCC)(COC(=O)CCCCCCCCCCCCCCCCC)COC(=O)CCCCCCCCCCCCCCCCC,-32.83758588756711
Cc1nc(ccc1)C,C(OC(=O)CCCCCCCCCCCCCCCCC)(COC(=O)CCCCCCCCCCCCCCCCC)COC(=O)CCCCCCCCCCCCCCCCC,-32.52816612388737
CC(C)Br,C(OC(=O)CCCCCCCCCCCCCCCCC)(COC(=O)CCCCCCCCCCCCCCCCC)COC(=O)CCCCCCCCCCCCCCCCC,-37.38665162301866
CCC(C)O,C(OC(=O)CCCCCCCCCCCCCCCCC)(COC(=O)CCCCCCCCCCCCCCCCC)COC(=O)CCCCCCCCCCCCCCCCC,-33.35521086529291
CCC(C)Cl,C(OC(=O)CCCCCCCCCCCCCCCCC)(COC(=O)CCCCCCCCCCCCCCCCC)COC(=O)CCCCCCCCCCCCCCCCC,-36.77456834561052
CCCCCC(=O)C,C(OC(=O)CCCCCCCCCCCCCCCCC)(COC(=O)CCCCCCCCCCCCCCCCC)COC(=O)CCCCCCCCCCCCCCCCC,-33.34538946534716
CCCCC(=O)C,C(OC(=O)CCCCCCCCCCCCCCCCC)(COC(=O)CCCCCCCCCCCCCCCCC)COC(=O)CCCCCCCCCCCCCCCCC,-34.000687793548565
COCCO,C(OC(=O)CCCCCCCCCCCCCCCCC)(COC(=O)CCCCCCCCCCCCCCCCC)COC(=O)CCCCCCCCCCCCCCCCC,-36.11768843565328
CC(C)CO,C(OC(=O)CCCCCCCCCCCCCCCCC)(COC(=O)CCCCCCCCCCCCCCCCC)COC(=O)CCCCCCCCCCCCCCCCC,-33.71242781169796
CC(C)(C)O,C(OC(=O)CCCCCCCCCCCCCCCCC)(COC(=O)CCCCCCCCCCCCCCCCC)COC(=O)CCCCCCCCCCCCCCCCC,-33.266751438383054
CCCC(C)C,C(OC(=O)CCCCCCCCCCCCCCCCC)(COC(=O)CCCCCCCCCCCCCCCCC)COC(=O)CCCCCCCCCCCCCCCCC,-36.426194891558524
Cc1ccccn1,C(OC(=O)CCCCCCCCCCCCCCCCC)(COC(=O)CCCCCCCCCCCCCCCCC)COC(=O)CCCCCCCCCCCCCCCCC,-33.83997012861646
CC(C)N(=O)=O,C(OC(=O)CCCCCCCCCCCCCCCCC)(COC(=O)CCCCCCCCCCCCCCCCC)COC(=O)CCCCCCCCCCCCCCCCC,-36.17751009488282
CCCCCCC(=O)C,C(OC(=O)CCCCCCCCCCCCCCCCC)(COC(=O)CCCCCCCCCCCCCCCCC)COC(=O)CCCCCCCCCCCCCCCCC,-32.41801675112319
CCCC(=O)C,C(OC(=O)CCCCCCCCCCCCCCCCC)(COC(=O)CCCCCCCCCCCCCCCCC)COC(=O)CCCCCCCCCCCCCCCCC,-35.186802827867396
CC(C)O,C(OC(=O)CCCCCCCCCCCCCCCCC)(COC(=O)CCCCCCCCCCCCCCCCC)COC(=O)CCCCCCCCCCCCCCCCC,-35.02390436217619
C=CCO,C(OC(=O)CCCCCCCCCCCCCCCCC)(COC(=O)CCCCCCCCCCCCCCCCC)COC(=O)CCCCCCCCCCCCCCCCC,-36.14337911507589
Cc1cnccc1,C(OC(=O)CCCCCCCCCCCCCCCCC)(COC(=O)CCCCCCCCCCCCCCCCC)COC(=O)CCCCCCCCCCCCCCCCC,-34.16212273922064
CCC(=O)CC,C(OC(=O)CCCCCCCCCCCCCCCCC)(COC(=O)CCCCCCCCCCCCCCCCC)COC(=O)CCCCCCCCCCCCCCCCC,-35.11596578584546
CCCC(=O)CCC,C(OC(=O)CCCCCCCCCCCCCCCCC)(COC(=O)CCCCCCCCCCCCCCCCC)COC(=O)CCCCCCCCCCCCCCCCC,-33.31277992263776
CC(C)CC(=O)C,C(OC(=O)CCCCCCCCCCCCCCCCC)(COC(=O)CCCCCCCCCCCCCCCCC)COC(=O)CCCCCCCCCCCCCCCCC,-34.35536529882452
Cc1ccncc1,C(OC(=O)CCCCCCCCCCCCCCCCC)(COC(=O)CCCCCCCCCCCCCCCCC)COC(=O)CCCCCCCCCCCCCCCCC,-34.3928465588579
CCCCC(=O)CCCC,C(OC(=O)CCCCCCCCCCCCCCCCC)(COC(=O)CCCCCCCCCCCCCCCCC)COC(=O)CCCCCCCCCCCCCCCCC,-31.76839652418323
CC(=O)O,C(OC(=O)CCCCCCCCCCCCCCCCC)(COC(=O)CCCCCCCCCCCCCCCCC)COC(=O)CCCCCCCCCCCCCCCCC,-36.081296462209494
CC(=O)c1ccccc1,C(OC(=O)CCCCCCCCCCCCCCCCC)(COC(=O)CCCCCCCCCCCCCCCCC)COC(=O)CCCCCCCCCCCCCCCCC,-32.88893160513332
c1ccc(cc1)CCl,C(OC(=O)CCCCCCCCCCCCCCCCC)(COC(=O)CCCCCCCCCCCCCCCCC)COC(=O)CCCCCCCCCCCCCCCCC,-35.35229419660621
COc1ccccc1,C(OC(=O)CCCCCCCCCCCCCCCCC)(COC(=O)CCCCCCCCCCCCCCCCC)COC(=O)CCCCCCCCCCCCCCCCC,-35.43237124021013
c1ccc(cc1)C=O,C(OC(=O)CCCCCCCCCCCCCCCCC)(COC(=O)CCCCCCCCCCCCCCCCC)COC(=O)CCCCCCCCCCCCCCCCC,-34.15850069424178
c1ccc(cc1)C#N,C(OC(=O)CCCCCCCCCCCCCCCCC)(COC(=O)CCCCCCCCCCCCCCCCC)COC(=O)CCCCCCCCCCCCCCCCC,-34.2398385480905
c1ccc(cc1)CO,C(OC(=O)CCCCCCCCCCCCCCCCC)(COC(=O)CCCCCCCCCCCCCCCCC)COC(=O)CCCCCCCCCCCCCCCCC,-33.28073395765261
c1ccc(cc1)Br,C(OC(=O)CCCCCCCCCCCCCCCCC)(COC(=O)CCCCCCCCCCCCCCCCC)COC(=O)CCCCCCCCCCCCCCCCC,-35.52263277928966
CCBr,C(OC(=O)CCCCCCCCCCCCCCCCC)(COC(=O)CCCCCCCCCCCCCCCCC)COC(=O)CCCCCCCCCCCCCCCCC,-38.331889528343766
C(Br)(Br)Br,C(OC(=O)CCCCCCCCCCCCCCCCC)(COC(=O)CCCCCCCCCCCCCCCCC)COC(=O)CCCCCCCCCCCCCCCCC,-31.485713288706897
CCCC=O,C(OC(=O)CCCCCCCCCCCCCCCCC)(COC(=O)CCCCCCCCCCCCCCCCC)COC(=O)CCCCCCCCCCCCCCCCC,-35.80419665584725
CCCC(=O)O,C(OC(=O)CCCCCCCCCCCCCCCCC)(COC(=O)CCCCCCCCCCCCCCCCC)COC(=O)CCCCCCCCCCCCCCCCC,-34.541853836057
CCC(=O)C,C(OC(=O)CCCCCCCCCCCCCCCCC)(COC(=O)CCCCCCCCCCCCCCCCC)COC(=O)CCCCCCCCCCCCCCCCC,-35.924445876049404
CCCCN,C(OC(=O)CCCCCCCCCCCCCCCCC)(COC(=O)CCCCCCCCCCCCCCCCC)COC(=O)CCCCCCCCCCCCCCCCC,-35.19496245317955
CCCCOC(=O)C,C(OC(=O)CCCCCCCCCCCCCCCCC)(COC(=O)CCCCCCCCCCCCCCCCC)COC(=O)CCCCCCCCCCCCCCCCC,-33.507601836417535
C(=S)=S,C(OC(=O)CCCCCCCCCCCCCCCCC)(COC(=O)CCCCCCCCCCCCCCCCC)COC(=O)CCCCCCCCCCCCCCCCC,-33.27377722550687
C[C@@H]1CCCC[C@@H]1C,C(OC(=O)CCCCCCCCCCCCCCCCC)(COC(=O)CCCCCCCCCCCCCCCCC)COC(=O)CCCCCCCCCCCCCCCCC,-35.61459173428179
C1CCC2CCCCC2C1,C(OC(=O)CCCCCCCCCCCCCCCCC)(COC(=O)CCCCCCCCCCCCCCCCC)COC(=O)CCCCCCCCCCCCCCCCC,-33.38475971316778
C1CCC(=O)CC1,C(OC(=O)CCCCCCCCCCCCCCCCC)(COC(=O)CCCCCCCCCCCCCCCCC)COC(=O)CCCCCCCCCCCCCCCCC,-34.38815527550889
C1CCCC1,C(OC(=O)CCCCCCCCCCCCCCCCC)(COC(=O)CCCCCCCCCCCCCCCCC)COC(=O)CCCCCCCCCCCCCCCCC,-36.70363329007131
C1CCC(C1)O,C(OC(=O)CCCCCCCCCCCCCCCCC)(COC(=O)CCCCCCCCCCCCCCCCC)COC(=O)CCCCCCCCCCCCCCCCC,-31.839092114879122
C1CCC(=O)C1,C(OC(=O)CCCCCCCCCCCCCCCCC)(COC(=O)CCCCCCCCCCCCCCCCC)COC(=O)CCCCCCCCCCCCCCCCC,-35.310315452678424
C(Br)Br,C(OC(=O)CCCCCCCCCCCCCCCCC)(COC(=O)CCCCCCCCCCCCCCCCC)COC(=O)CCCCCCCCCCCCCCCCC,-35.458961861927605
CCCCOCCCC,C(OC(=O)CCCCCCCCCCCCCCCCC)(COC(=O)CCCCCCCCCCCCCCCCC)COC(=O)CCCCCCCCCCCCCCCCC,-32.86581155295893
CCNCC,C(OC(=O)CCCCCCCCCCCCCCCCC)(COC(=O)CCCCCCCCCCCCCCCCC)COC(=O)CCCCCCCCCCCCCCCCC,-35.10872837862756
CCSCC,C(OC(=O)CCCCCCCCCCCCCCCCC)(COC(=O)CCCCCCCCCCCCCCCCC)COC(=O)CCCCCCCCCCCCCCCCC,-36.34554981507046
C(I)I,C(OC(=O)CCCCCCCCCCCCCCCCC)(COC(=O)CCCCCCCCCCCCCCCCC)COC(=O)CCCCCCCCCCCCCCCCC,-35.48951534835443
CC(C)OC(C)C,C(OC(=O)CCCCCCCCCCCCCCCCC)(COC(=O)CCCCCCCCCCCCCCCCC)COC(=O)CCCCCCCCCCCCCCCCC,-33.60727935589413
CSSC,C(OC(=O)CCCCCCCCCCCCCCCCC)(COC(=O)CCCCCCCCCCCCCCCCC)COC(=O)CCCCCCCCCCCCCCCCC,-37.29395088390724
c1ccc(cc1)Oc1ccccc1,C(OC(=O)CCCCCCCCCCCCCCCCC)(COC(=O)CCCCCCCCCCCCCCCCC)COC(=O)CCCCCCCCCCCCCCCCC,-32.17712180148996
CCCNCCC,C(OC(=O)CCCCCCCCCCCCCCCCC)(COC(=O)CCCCCCCCCCCCCCCCC)COC(=O)CCCCCCCCCCCCCCCCC,-34.062708074176705
C(=C\Cl)/Cl,C(OC(=O)CCCCCCCCCCCCCCCCC)(COC(=O)CCCCCCCCCCCCCCCCC)COC(=O)CCCCCCCCCCCCCCCCC,-34.52712730508823
CC/C=C/C,C(OC(=O)CCCCCCCCCCCCCCCCC)(COC(=O)CCCCCCCCCCCCCCCCC)COC(=O)CCCCCCCCCCCCCCCCC,-36.057419032856245
CCS,C(OC(=O)CCCCCCCCCCCCCCCCC)(COC(=O)CCCCCCCCCCCCCCCCC)COC(=O)CCCCCCCCCCCCCCCCC,-37.99654964450782
CCc1ccccc1,C(OC(=O)CCCCCCCCCCCCCCCCC)(COC(=O)CCCCCCCCCCCCCCCCC)COC(=O)CCCCCCCCCCCCCCCCC,-34.770501551192226
CCOC(=O)C,C(OC(=O)CCCCCCCCCCCCCCCCC)(COC(=O)CCCCCCCCCCCCCCCCC)COC(=O)CCCCCCCCCCCCCCCCC,-35.21451392229359
CCOC=O,C(OC(=O)CCCCCCCCCCCCCCCCC)(COC(=O)CCCCCCCCCCCCCCCCC)COC(=O)CCCCCCCCCCCCCCCCC,-36.77002185495748
CCOc1ccccc1,C(OC(=O)CCCCCCCCCCCCCCCCC)(COC(=O)CCCCCCCCCCCCCCCCC)COC(=O)CCCCCCCCCCCCCCCCC,-34.83765863115693
c1ccc(cc1)F,C(OC(=O)CCCCCCCCCCCCCCCCC)(COC(=O)CCCCCCCCCCCCCCCCC)COC(=O)CCCCCCCCCCCCCCCCC,-36.0953413537173
C(=O)N,C(OC(=O)CCCCCCCCCCCCCCCCC)(COC(=O)CCCCCCCCCCCCCCCCC)COC(=O)CCCCCCCCCCCCCCCCC,-31.98574372629401
C(=O)O,C(OC(=O)CCCCCCCCCCCCCCCCC)(COC(=O)CCCCCCCCCCCCCCCCC)COC(=O)CCCCCCCCCCCCCCCCC,-37.93405711693286
CCCCCC(=O)O,C(OC(=O)CCCCCCCCCCCCCCCCC)(COC(=O)CCCCCCCCCCCCCCCCC)COC(=O)CCCCCCCCCCCCCCCCC,-32.88698692784763
c1ccc(cc1)I,C(OC(=O)CCCCCCCCCCCCCCCCC)(COC(=O)CCCCCCCCCCCCCCCCC)COC(=O)CCCCCCCCCCCCCCCCC,-35.364133783975596
CCI,C(OC(=O)CCCCCCCCCCCCCCCCC)(COC(=O)CCCCCCCCCCCCCCCCC)COC(=O)CCCCCCCCCCCCCCCCC,-37.84501851923919
CI,C(OC(=O)CCCCCCCCCCCCCCCCC)(COC(=O)CCCCCCCCCCCCCCCCC)COC(=O)CCCCCCCCCCCCCCCCC,-38.43900048207279
CC(C)c1ccccc1,C(OC(=O)CCCCCCCCCCCCCCCCC)(COC(=O)CCCCCCCCCCCCCCCCC)COC(=O)CCCCCCCCCCCCCCCCC,-34.0392338367922
Cc1cc(ccc1)O,C(OC(=O)CCCCCCCCCCCCCCCCC)(COC(=O)CCCCCCCCCCCCCCCCC)COC(=O)CCCCCCCCCCCCCCCCC,-32.53008407021381
Cc1cc(cc(c1)C)C,C(OC(=O)CCCCCCCCCCCCCCCCC)(COC(=O)CCCCCCCCCCCCCCCCC)COC(=O)CCCCCCCCCCCCCCCCC,-33.24585005582671
COC(=O)c1ccccc1,C(OC(=O)CCCCCCCCCCCCCCCCC)(COC(=O)CCCCCCCCCCCCCCCCC)COC(=O)CCCCCCCCCCCCCCCCC,-32.76067200747485
CCCC(=O)OC,C(OC(=O)CCCCCCCCCCCCCCCCC)(COC(=O)CCCCCCCCCCCCCCCCC)COC(=O)CCCCCCCCCCCCCCCCC,-34.5662592018555
CC1CCCCC1,C(OC(=O)CCCCCCCCCCCCCCCCC)(COC(=O)CCCCCCCCCCCCCCCCC)COC(=O)CCCCCCCCCCCCCCCCC,-35.96817995296817
CC(=O)OC,C(OC(=O)CCCCCCCCCCCCCCCCC)(COC(=O)CCCCCCCCCCCCCCCCC)COC(=O)CCCCCCCCCCCCCCCCC,-36.184117096978326
COC=O,C(OC(=O)CCCCCCCCCCCCCCCCC)(COC(=O)CCCCCCCCCCCCCCCCC)COC(=O)CCCCCCCCCCCCCCCCC,-37.57050493318472
CCC(=O)OC,C(OC(=O)CCCCCCCCCCCCCCCCC)(COC(=O)CCCCCCCCCCCCCCCCC)COC(=O)CCCCCCCCCCCCCCCCC,-35.49546966952816
Cc1cc(ccc1)C,C(OC(=O)CCCCCCCCCCCCCCCCC)(COC(=O)CCCCCCCCCCCCCCCCC)COC(=O)CCCCCCCCCCCCCCCCC,-34.345327823624814
CCCCc1ccccc1,C(OC(=O)CCCCCCCCCCCCCCCCC)(COC(=O)CCCCCCCCCCCCCCCCC)COC(=O)CCCCCCCCCCCCCCCCC,-33.85579262891463
CCCCCCCCCC,C(OC(=O)CCCCCCCCCCCCCCCCC)(COC(=O)CCCCCCCCCCCCCCCCC)COC(=O)CCCCCCCCCCCCCCCCC,-35.05221690318559
CCCCCCCCCCCC,C(OC(=O)CCCCCCCCCCCCCCCCC)(COC(=O)CCCCCCCCCCCCCCCCC)COC(=O)CCCCCCCCCCCCCCCCC,-34.23619199973233
CCCCCCCCCCCCCCCC,C(OC(=O)CCCCCCCCCCCCCCCCC)(COC(=O)CCCCCCCCCCCCCCCCC)COC(=O)CCCCCCCCCCCCCCCCC,-32.5611365345467
CCCCCC,C(OC(=O)CCCCCCCCCCCCCCCCC)(COC(=O)CCCCCCCCCCCCCCCCC)COC(=O)CCCCCCCCCCCCCCCCC,-36.418679036848395
c1ccc(cc1)N(=O)=O,C(OC(=O)CCCCCCCCCCCCCCCCC)(COC(=O)CCCCCCCCCCCCCCCCC)COC(=O)CCCCCCCCCCCCCCCCC,-35.24306481435633
CCN(=O)=O,C(OC(=O)CCCCCCCCCCCCCCCCC)(COC(=O)CCCCCCCCCCCCCCCCC)COC(=O)CCCCCCCCCCCCCCCCC,-35.49380121215475
CNc1ccccc1,C(OC(=O)CCCCCCCCCCCCCCCCC)(COC(=O)CCCCCCCCCCCCCCCCC)COC(=O)CCCCCCCCCCCCCCCCC,-34.72725754185977
CC(=O)N(C)C,C(OC(=O)CCCCCCCCCCCCCCCCC)(COC(=O)CCCCCCCCCCCCCCCCC)COC(=O)CCCCCCCCCCCCCCCCC,-34.21137007648545
CN(C)C=O,C(OC(=O)CCCCCCCCCCCCCCCCC)(COC(=O)CCCCCCCCCCCCCCCCC)COC(=O)CCCCCCCCCCCCCCCCC,-33.13038344975101
CCCCCCCCC,C(OC(=O)CCCCCCCCCCCCCCCCC)(COC(=O)CCCCCCCCCCCCCCCCC)COC(=O)CCCCCCCCCCCCCCCCC,-35.37080984104917
CCCCCCCC,C(OC(=O)CCCCCCCCCCCCCCCCC)(COC(=O)CCCCCCCCCCCCCCCCC)COC(=O)CCCCCCCCCCCCCCCCC,-35.668207355804626
CCCCCCCCCCCCCCC,C(OC(=O)CCCCCCCCCCCCCCCCC)(COC(=O)CCCCCCCCCCCCCCCCC)COC(=O)CCCCCCCCCCCCCCCCC,-32.882335740937506
CCCCC,C(OC(=O)CCCCCCCCCCCCCCCCC)(COC(=O)CCCCCCCCCCCCCCCCC)COC(=O)CCCCCCCCCCCCCCCCC,-37.037999721474435
CCCCCCCCCCC,C(OC(=O)CCCCCCCCCCCCCCCCC)(COC(=O)CCCCCCCCCCCCCCCCC)COC(=O)CCCCCCCCCCCCCCCCC,-34.47917864692715
Cc1ccccc1Cl,C(OC(=O)CCCCCCCCCCCCCCCCC)(COC(=O)CCCCCCCCCCCCCCCCC)COC(=O)CCCCCCCCCCCCCCCCC,-35.114702748020726
Cc1ccccc1O,C(OC(=O)CCCCCCCCCCCCCCCCC)(COC(=O)CCCCCCCCCCCCCCCCC)COC(=O)CCCCCCCCCCCCCCCCC,-34.51612306019551
c1ccc(c(c1)Cl)Cl,C(OC(=O)CCCCCCCCCCCCCCCCC)(COC(=O)CCCCCCCCCCCCCCCCC)COC(=O)CCCCCCCCCCCCCCCCC,-34.4452169631955
Cc1ccccc1N(=O)=O,C(OC(=O)CCCCCCCCCCCCCCCCC)(COC(=O)CCCCCCCCCCCCCCCCC)COC(=O)CCCCCCCCCCCCCCCCC,-34.82218808848893
Cc1ccccc1C,C(OC(=O)CCCCCCCCCCCCCCCCC)(COC(=O)CCCCCCCCCCCCCCCCC)COC(=O)CCCCCCCCCCCCCCCCC,-34.629299714095154
CCCCC=O,C(OC(=O)CCCCCCCCCCCCCCCCC)(COC(=O)CCCCCCCCCCCCCCCCC)COC(=O)CCCCCCCCCCCCCCCCC,-35.33363153188735
CCCCC(=O)O,C(OC(=O)CCCCCCCCCCCCCCCCC)(COC(=O)CCCCCCCCCCCCCCCCC)COC(=O)CCCCCCCCCCCCCCCCC,-33.29646735475327
CCCCCN,C(OC(=O)CCCCCCCCCCCCCCCCC)(COC(=O)CCCCCCCCCCCCCCCCC)COC(=O)CCCCCCCCCCCCCCCCC,-34.15098261195172
CCCCCOC(=O)C,C(OC(=O)CCCCCCCCCCCCCCCCC)(COC(=O)CCCCCCCCCCCCCCCCC)COC(=O)CCCCCCCCCCCCCCCCC,-32.47217590215084
c1(c(c(c(c(c1F)F)F)F)F)F,C(OC(=O)CCCCCCCCCCCCCCCCC)(COC(=O)CCCCCCCCCCCCCCCCC)COC(=O)CCCCCCCCCCCCCCCCC,-34.91807649449133
Cc1ccc(cc1)C(C)C,C(OC(=O)CCCCCCCCCCCCCCCCC)(COC(=O)CCCCCCCCCCCCCCCCC)COC(=O)CCCCCCCCCCCCCCCCC,-33.175431798833074
CCC=O,C(OC(=O)CCCCCCCCCCCCCCCCC)(COC(=O)CCCCCCCCCCCCCCCCC)COC(=O)CCCCCCCCCCCCCCCCC,-36.21856216555648
CCC(=O)O,C(OC(=O)CCCCCCCCCCCCCCCCC)(COC(=O)CCCCCCCCCCCCCCCCC)COC(=O)CCCCCCCCCCCCCCCCC,-35.35313176666281
CCCN,C(OC(=O)CCCCCCCCCCCCCCCCC)(COC(=O)CCCCCCCCCCCCCCCCC)COC(=O)CCCCCCCCCCCCCCCCC,-35.59957784550104
CCCOC(=O)C,C(OC(=O)CCCCCCCCCCCCCCCCC)(COC(=O)CCCCCCCCCCCCCCCCC)COC(=O)CCCCCCCCCCCCCCCCC,-34.30741886824338
Cc1ccc(cc1)C,C(OC(=O)CCCCCCCCCCCCCCCCC)(COC(=O)CCCCCCCCCCCCCCCCC)COC(=O)CCCCCCCCCCCCCCCCC,-34.37459822400746
c1ccncc1,C(OC(=O)CCCCCCCCCCCCCCCCC)(COC(=O)CCCCCCCCCCCCCCCCC)COC(=O)CCCCCCCCCCCCCCCCC,-35.6455684608968
CCC(C)c1ccccc1,C(OC(=O)CCCCCCCCCCCCCCCCC)(COC(=O)CCCCCCCCCCCCCCCCC)COC(=O)CCCCCCCCCCCCCCCCC,-33.6295373346326
CC(C)(C)c1ccccc1,C(OC(=O)CCCCCCCCCCCCCCCCC)(COC(=O)CCCCCCCCCCCCCCCCC)COC(=O)CCCCCCCCCCCCCCCCC,-33.41649381696164
C(=C(Cl)Cl)(Cl)Cl,C(OC(=O)CCCCCCCCCCCCCCCCC)(COC(=O)CCCCCCCCCCCCCCCCC)COC(=O)CCCCCCCCCCCCCCCCC,-32.93735028266128
C1CCS(=O)(=O)C1,C(OC(=O)CCCCCCCCCCCCCCCCC)(COC(=O)CCCCCCCCCCCCCCCCC)COC(=O)CCCCCCCCCCCCCCCCC,-28.698054040939702
C1CCc2ccccc2C1,C(OC(=O)CCCCCCCCCCCCCCCCC)(COC(=O)CCCCCCCCCCCCCCCCC)COC(=O)CCCCCCCCCCCCCCCCC,-32.35970539109148
c1cscc1,C(OC(=O)CCCCCCCCCCCCCCCCC)(COC(=O)CCCCCCCCCCCCCCCCC)COC(=O)CCCCCCCCCCCCCCCCC,-36.1460789419605
c1ccc(cc1)S,C(OC(=O)CCCCCCCCCCCCCCCCC)(COC(=O)CCCCCCCCCCCCCCCCC)COC(=O)CCCCCCCCCCCCCCCCC,-35.68747146710669
C1CCC2CCCCC2C1,C(OC(=O)CCCCCCCCCCCCCCCCC)(COC(=O)CCCCCCCCCCCCCCCCC)COC(=O)CCCCCCCCCCCCCCCCC,-33.38475971316778
CCCCOP(=O)(OCCCC)OCCCC,C(OC(=O)CCCCCCCCCCCCCCCCC)(COC(=O)CCCCCCCCCCCCCCCCC)COC(=O)CCCCCCCCCCCCCCCCC,-28.09909566452506
C(=C(Cl)Cl)Cl,C(OC(=O)CCCCCCCCCCCCCCCCC)(COC(=O)CCCCCCCCCCCCCCCCC)COC(=O)CCCCCCCCCCCCCCCCC,-31.982339984149057
CCN(CC)CC,C(OC(=O)CCCCCCCCCCCCCCCCC)(COC(=O)CCCCCCCCCCCCCCCCC)COC(=O)CCCCCCCCCCCCCCCCC,-33.32442125539268
C(=C\Cl)\Cl,C(OC(=O)CCCCCCCCCCCCCCCCC)(COC(=O)CCCCCCCCCCCCCCCCC)COC(=O)CCCCCCCCCCCCCCCCC,-34.90774052357996
O,C(=O)(O)CCCCCCCCCCCCCCCCC,-4.336083727205164
CC#N,C(=O)(O)CCCCCCCCCCCCCCCCC,-14.647879966531553
CO,C(=O)(O)CCCCCCCCCCCCCCCCC,-13.459103078604858
CCO,C(=O)(O)CCCCCCCCCCCCCCCCC,-12.682305753438392
c1ccc2cnccc2c1,C(=O)(O)CCCCCCCCCCCCCCCCC,-6.860579465595958
c1ccc2c(c1)cccn2,C(=O)(O)CCCCCCCCCCCCCCCCC,-7.427180572729147
C(Cl)(Cl)Cl,C(=O)(O)CCCCCCCCCCCCCCCCC,-7.321618343951874
CCOCC,C(=O)(O)CCCCCCCCCCCCCCCCC,-16.083380232192788
C(Cl)Cl,C(=O)(O)CCCCCCCCCCCCCCCCC,-15.300637461366403
CC(Cl)Cl,C(=O)(O)CCCCCCCCCCCCCCCCC,-15.22942910961358
C(Cl)(Cl)(Cl)Cl,C(=O)(O)CCCCCCCCCCCCCCCCC,-14.40778611033345
c1ccccc1,C(=O)(O)CCCCCCCCCCCCCCCCC,-13.557050777841948
Cc1ccccc1,C(=O)(O)CCCCCCCCCCCCCCCCC,-13.27379947467554
c1ccc(cc1)Cl,C(=O)(O)CCCCCCCCCCCCCCCCC,-14.027300768852527
CN(=O)=O,C(=O)(O)CCCCCCCCCCCCCCCCC,-15.243430980983842
CCCCCCC,C(=O)(O)CCCCCCCCCCCCCCCCC,-14.308722428353462
C1CCCCC1,C(=O)(O)CCCCCCCCCCCCCCCCC,-13.845218106289517
c1ccc(cc1)N,C(=O)(O)CCCCCCCCCCCCCCCCC,-15.029078760099429
CC(=O)C,C(=O)(O)CCCCCCCCCCCCCCCCC,-14.990772042475358
C1CCOC1,C(=O)(O)CCCCCCCCCCCCCCCCC,-15.482154597072705
CS(=O)C,C(=O)(O)CCCCCCCCCCCCCCCCC,-13.447703003198976
CCCCCCCCO,C(=O)(O)CCCCCCCCCCCCCCCCC,-10.036719744195182
CC(Cl)(Cl)Cl,C(=O)(O)CCCCCCCCCCCCCCCCC,-14.937092238805567
C(C(Cl)Cl)Cl,C(=O)(O)CCCCCCCCCCCCCCCCC,-13.854731195249498
Cc1cc(c(cc1)C)C,C(=O)(O)CCCCCCCCCCCCCCCCC,-13.073102162183108
C(CBr)Br,C(=O)(O)CCCCCCCCCCCCCCCCC,-15.77223994145859
C(CO)O,C(=O)(O)CCCCCCCCCCCCCCCCC,-13.988698827274826
C1COCCO1,C(=O)(O)CCCCCCCCCCCCCCCCC,-13.750998296884267
CC(C)CBr,C(=O)(O)CCCCCCCCCCCCCCCCC,-13.632537196865309
CCCCCCCCBr,C(=O)(O)CCCCCCCCCCCCCCCCC,-13.23870308913325
CCCCCBr,C(=O)(O)CCCCCCCCCCCCCCCCC,-13.552101652115148
CCCBr,C(=O)(O)CCCCCCCCCCCCCCCCC,-14.665578924479826
CCCCO,C(=O)(O)CCCCCCCCCCCCCCCCC,-12.820838323263123
CCCCCCCl,C(=O)(O)CCCCCCCCCCCCCCCCC,-13.219747917499177
CCCCCCl,C(=O)(O)CCCCCCCCCCCCCCCCC,-13.423830864348083
CCCCl,C(=O)(O)CCCCCCCCCCCCCCCCC,-14.761359153631501
CCCCCCCCCCO,C(=O)(O)CCCCCCCCCCCCCCCCC,-13.770795217462707
CCCCCCCCF,C(=O)(O)CCCCCCCCCCCCCCCCC,-13.285247129796657
CCCCCCCO,C(=O)(O)CCCCCCCCCCCCCCCCC,-11.82919178324456
CCCCCCO,C(=O)(O)CCCCCCCCCCCCCCCCC,-12.15746139796981
CCCCC=C,C(=O)(O)CCCCCCCCCCCCCCCCC,-13.08423586775674
CCCCC#C,C(=O)(O)CCCCCCCCCCCCCCCCC,-12.90056946546983
CCCCI,C(=O)(O)CCCCCCCCCCCCCCCCC,-13.931663035204997
CCCCCCCCCCCCCCCCI,C(=O)(O)CCCCCCCCCCCCCCCCC,-14.865359988096124
CCCCCI,C(=O)(O)CCCCCCCCCCCCCCCCC,-13.701393433039437
CCCI,C(=O)(O)CCCCCCCCCCCCCCCCC,-14.608909847757257
CCCN(=O)=O,C(=O)(O)CCCCCCCCCCCCCCCCC,-15.246783210342734
CCCCCCCCCO,C(=O)(O)CCCCCCCCCCCCCCCCC,-13.712977614446585
CCCCCO,C(=O)(O)CCCCCCCCCCCCCCCCC,-13.46029713106339
CCCC=C,C(=O)(O)CCCCCCCCCCCCCCCCC,-13.487984035363697
CCCO,C(=O)(O)CCCCCCCCCCCCCCCCC,-13.19517815891171
C(C(F)(F)F)O,C(=O)(O)CCCCCCCCCCCCCCCCC,-13.568591312604688
CC(C)CC(C)(C)C,C(=O)(O)CCCCCCCCCCCCCCCCC,-13.756973292784297
CC(C)CC(C)C,C(=O)(O)CCCCCCCCCCCCCCCCC,-13.915854248445818
Cc1cc(ncc1)C,C(=O)(O)CCCCCCCCCCCCCCCCC,-13.714101150077711
Cc1nc(ccc1)C,C(=O)(O)CCCCCCCCCCCCCCCCC,-13.564332945494225
CC(C)Br,C(=O)(O)CCCCCCCCCCCCCCCCC,-14.393683719418497
CCC(C)O,C(=O)(O)CCCCCCCCCCCCCCCCC,-13.58458895637547
CCC(C)Cl,C(=O)(O)CCCCCCCCCCCCCCCCC,-13.892814458761057
CCCCCC(=O)C,C(=O)(O)CCCCCCCCCCCCCCCCC,-13.521042418027603
CCCCC(=O)C,C(=O)(O)CCCCCCCCCCCCCCCCC,-13.612260163198401
COCCO,C(=O)(O)CCCCCCCCCCCCCCCCC,-12.646759912311602
CC(C)CO,C(=O)(O)CCCCCCCCCCCCCCCCC,-13.112523252775514
CC(C)(C)O,C(=O)(O)CCCCCCCCCCCCCCCCC,-12.711254059684412
CCCC(C)C,C(=O)(O)CCCCCCCCCCCCCCCCC,-14.199683573800147
Cc1ccccn1,C(=O)(O)CCCCCCCCCCCCCCCCC,-13.636240826959389
CC(C)N(=O)=O,C(=O)(O)CCCCCCCCCCCCCCCCC,-14.98237921738847
CCCCCCC(=O)C,C(=O)(O)CCCCCCCCCCCCCCCCC,-13.020250617981908
CCCC(=O)C,C(=O)(O)CCCCCCCCCCCCCCCCC,-12.501969095875376
CC(C)O,C(=O)(O)CCCCCCCCCCCCCCCCC,-13.141453677471644
C=CCO,C(=O)(O)CCCCCCCCCCCCCCCCC,-13.084725065194643
Cc1cnccc1,C(=O)(O)CCCCCCCCCCCCCCCCC,-13.716138898437684
CCC(=O)CC,C(=O)(O)CCCCCCCCCCCCCCCCC,-13.28867702860291
CCCC(=O)CCC,C(=O)(O)CCCCCCCCCCCCCCCCC,-12.820359323964624
CC(C)CC(=O)C,C(=O)(O)CCCCCCCCCCCCCCCCC,-12.784698971306657
Cc1ccncc1,C(=O)(O)CCCCCCCCCCCCCCCCC,-13.71193385402198
CCCCC(=O)CCCC,C(=O)(O)CCCCCCCCCCCCCCCCC,-10.28393517345442
CC(=O)O,C(=O)(O)CCCCCCCCCCCCCCCCC,-14.09595436486419
CC(=O)c1ccccc1,C(=O)(O)CCCCCCCCCCCCCCCCC,-13.713784624890925
c1ccc(cc1)CCl,C(=O)(O)CCCCCCCCCCCCCCCCC,-14.368146116504736
COc1ccccc1,C(=O)(O)CCCCCCCCCCCCCCCCC,-13.90227429463815
c1ccc(cc1)C=O,C(=O)(O)CCCCCCCCCCCCCCCCC,-13.986670894188954
c1ccc(cc1)C#N,C(=O)(O)CCCCCCCCCCCCCCCCC,-15.211681562577915
c1ccc(cc1)CO,C(=O)(O)CCCCCCCCCCCCCCCCC,-14.379009397354514
c1ccc(cc1)Br,C(=O)(O)CCCCCCCCCCCCCCCCC,-14.060132373436984
CCBr,C(=O)(O)CCCCCCCCCCCCCCCCC,-15.73708678090771
C(Br)(Br)Br,C(=O)(O)CCCCCCCCCCCCCCCCC,-10.498009503741592
CCCC=O,C(=O)(O)CCCCCCCCCCCCCCCCC,-13.579248403086474
CCCC(=O)O,C(=O)(O)CCCCCCCCCCCCCCCCC,-14.325141363179979
CCC(=O)C,C(=O)(O)CCCCCCCCCCCCCCCCC,-12.907285549370414
CCCCN,C(=O)(O)CCCCCCCCCCCCCCCCC,-15.14792808553442
CCCCOC(=O)C,C(=O)(O)CCCCCCCCCCCCCCCCC,-13.757056200525106
C(=S)=S,C(=O)(O)CCCCCCCCCCCCCCCCC,-15.527568826159555
C[C@@H]1CCCC[C@@H]1C,C(=O)(O)CCCCCCCCCCCCCCCCC,-13.271255700207353
C1CCC2CCCCC2C1,C(=O)(O)CCCCCCCCCCCCCCCCC,-12.659304807178797
C1CCC(=O)CC1,C(=O)(O)CCCCCCCCCCCCCCCCC,-13.453712404767263
C1CCCC1,C(=O)(O)CCCCCCCCCCCCCCCCC,-13.69808686906927
C1CCC(C1)O,C(=O)(O)CCCCCCCCCCCCCCCCC,-10.080938041302927
C1CCC(=O)C1,C(=O)(O)CCCCCCCCCCCCCCCCC,-13.189350983824117
C(Br)Br,C(=O)(O)CCCCCCCCCCCCCCCCC,-15.218490299881537
CCCCOCCCC,C(=O)(O)CCCCCCCCCCCCCCCCC,-15.168147689406059
CCNCC,C(=O)(O)CCCCCCCCCCCCCCCCC,-15.438818839291567
CCSCC,C(=O)(O)CCCCCCCCCCCCCCCCC,-13.787083630027244
C(I)I,C(=O)(O)CCCCCCCCCCCCCCCCC,-15.091934940099229
CC(C)OC(C)C,C(=O)(O)CCCCCCCCCCCCCCCCC,-14.714186389407507
CSSC,C(=O)(O)CCCCCCCCCCCCCCCCC,-15.099761959881917
c1ccc(cc1)Oc1ccccc1,C(=O)(O)CCCCCCCCCCCCCCCCC,-15.141156938642249
CCCNCCC,C(=O)(O)CCCCCCCCCCCCCCCCC,-14.552562795559446
C(=C\Cl)/Cl,C(=O)(O)CCCCCCCCCCCCCCCCC,-14.846398270770612
CC/C=C/C,C(=O)(O)CCCCCCCCCCCCCCCCC,-13.723053376176479
CCS,C(=O)(O)CCCCCCCCCCCCCCCCC,-15.241175417073077
CCc1ccccc1,C(=O)(O)CCCCCCCCCCCCCCCCC,-13.015583698788477
CCOC(=O)C,C(=O)(O)CCCCCCCCCCCCCCCCC,-13.310867857988331
CCOC=O,C(=O)(O)CCCCCCCCCCCCCCCCC,-13.898764603222405
CCOc1ccccc1,C(=O)(O)CCCCCCCCCCCCCCCCC,-13.745812421177202
c1ccc(cc1)F,C(=O)(O)CCCCCCCCCCCCCCCCC,-13.808011952378465
C(=O)N,C(=O)(O)CCCCCCCCCCCCCCCCC,-9.117010461852212
C(=O)O,C(=O)(O)CCCCCCCCCCCCCCCCC,-13.765315997322585
CCCCCC(=O)O,C(=O)(O)CCCCCCCCCCCCCCCCC,-14.406468914471482
c1ccc(cc1)I,C(=O)(O)CCCCCCCCCCCCCCCCC,-14.045363518449392
CCI,C(=O)(O)CCCCCCCCCCCCCCCCC,-15.632161639992649
CI,C(=O)(O)CCCCCCCCCCCCCCCCC,-16.92299827010973
CC(C)c1ccccc1,C(=O)(O)CCCCCCCCCCCCCCCCC,-12.825867641867685
Cc1cc(ccc1)O,C(=O)(O)CCCCCCCCCCCCCCCCC,-15.743371062359728
Cc1cc(cc(c1)C)C,C(=O)(O)CCCCCCCCCCCCCCCCC,-13.152256308977021
COC(=O)c1ccccc1,C(=O)(O)CCCCCCCCCCCCCCCCC,-13.777938927099475
CCCC(=O)OC,C(=O)(O)CCCCCCCCCCCCCCCCC,-13.060335988574435
CC1CCCCC1,C(=O)(O)CCCCCCCCCCCCCCCCC,-13.489586726920038
CC(=O)OC,C(=O)(O)CCCCCCCCCCCCCCCCC,-13.5749895486929
COC=O,C(=O)(O)CCCCCCCCCCCCCCCCC,-15.441811036043013
CCC(=O)OC,C(=O)(O)CCCCCCCCCCCCCCCCC,-12.983605361738004
Cc1cc(ccc1)C,C(=O)(O)CCCCCCCCCCCCCCCCC,-12.929469495881886
CCCCc1ccccc1,C(=O)(O)CCCCCCCCCCCCCCCCC,-12.57619004065845
CCCCCCCCCC,C(=O)(O)CCCCCCCCCCCCCCCCC,-14.623128908171452
CCCCCCCCCCCC,C(=O)(O)CCCCCCCCCCCCCCCCC,-15.153350015103019
CCCCCCCCCCCCCCCC,C(=O)(O)CCCCCCCCCCCCCCCCC,-15.928749429440709
CCCCCC,C(=O)(O)CCCCCCCCCCCCCCCCC,-14.454452517792834
c1ccc(cc1)N(=O)=O,C(=O)(O)CCCCCCCCCCCCCCCCC,-15.689731772800055
CCN(=O)=O,C(=O)(O)CCCCCCCCCCCCCCCCC,-14.421368639780422
CNc1ccccc1,C(=O)(O)CCCCCCCCCCCCCCCCC,-15.123016223747562
CC(=O)N(C)C,C(=O)(O)CCCCCCCCCCCCCCCCC,-13.284182607630914
CN(C)C=O,C(=O)(O)CCCCCCCCCCCCCCCCC,-14.084308576949386
CCCCCCCCC,C(=O)(O)CCCCCCCCCCCCCCCCC,-14.435005466488375
CCCCCCCC,C(=O)(O)CCCCCCCCCCCCCCCCC,-14.363380348451566
CCCCCCCCCCCCCCC,C(=O)(O)CCCCCCCCCCCCCCCCC,-15.858508543499621
CCCCC,C(=O)(O)CCCCCCCCCCCCCCCCC,-14.47541237432255
CCCCCCCCCCC,C(=O)(O)CCCCCCCCCCCCCCCCC,-14.9737690640339
Cc1ccccc1Cl,C(=O)(O)CCCCCCCCCCCCCCCCC,-13.799009605731095
Cc1ccccc1O,C(=O)(O)CCCCCCCCCCCCCCCCC,-15.870764409869887
c1ccc(c(c1)Cl)Cl,C(=O)(O)CCCCCCCCCCCCCCCCC,-14.658841748181704
Cc1ccccc1N(=O)=O,C(=O)(O)CCCCCCCCCCCCCCCCC,-15.448764566042591
Cc1ccccc1C,C(=O)(O)CCCCCCCCCCCCCCCCC,-13.016914642995374
CCCCC=O,C(=O)(O)CCCCCCCCCCCCCCCCC,-13.25160293711653
CCCCC(=O)O,C(=O)(O)CCCCCCCCCCCCCCCCC,-14.409723687208096
CCCCCN,C(=O)(O)CCCCCCCCCCCCCCCCC,-14.681079957148224
CCCCCOC(=O)C,C(=O)(O)CCCCCCCCCCCCCCCCC,-13.168409726716733
c1(c(c(c(c(c1F)F)F)F)F)F,C(=O)(O)CCCCCCCCCCCCCCCCC,-15.301091609226223
Cc1ccc(cc1)C(C)C,C(=O)(O)CCCCCCCCCCCCCCCCC,-12.896700089506004
CCC=O,C(=O)(O)CCCCCCCCCCCCCCCCC,-14.247936992741465
CCC(=O)O,C(=O)(O)CCCCCCCCCCCCCCCCC,-14.25914847218027
CCCN,C(=O)(O)CCCCCCCCCCCCCCCCC,-15.99172339272972
CCCOC(=O)C,C(=O)(O)CCCCCCCCCCCCCCCCC,-13.577624288476201
Cc1ccc(cc1)C,C(=O)(O)CCCCCCCCCCCCCCCCC,-12.858525564828867
c1ccncc1,C(=O)(O)CCCCCCCCCCCCCCCCC,-13.918825909694712
CCC(C)c1ccccc1,C(=O)(O)CCCCCCCCCCCCCCCCC,-12.616719256553584
CC(C)(C)c1ccccc1,C(=O)(O)CCCCCCCCCCCCCCCCC,-13.10754623879207
C(=C(Cl)Cl)(Cl)Cl,C(=O)(O)CCCCCCCCCCCCCCCCC,-14.847756398413939
C1CCS(=O)(=O)C1,C(=O)(O)CCCCCCCCCCCCCCCCC,-15.224230494933748
C1CCc2ccccc2C1,C(=O)(O)CCCCCCCCCCCCCCCCC,-13.94212667429156
c1cscc1,C(=O)(O)CCCCCCCCCCCCCCCCC,-13.831494821635227
c1ccc(cc1)S,C(=O)(O)CCCCCCCCCCCCCCCCC,-14.213527843889809
C1CCC2CCCCC2C1,C(=O)(O)CCCCCCCCCCCCCCCCC,-12.659304807178797
CCCCOP(=O)(OCCCC)OCCCC,C(=O)(O)CCCCCCCCCCCCCCCCC,-13.886609395620578
C(=C(Cl)Cl)Cl,C(=O)(O)CCCCCCCCCCCCCCCCC,-12.697940232067438
CCN(CC)CC,C(=O)(O)CCCCCCCCCCCCCCCCC,-16.27890244141551
C(=C\Cl)\Cl,C(=O)(O)CCCCCCCCCCCCCCCCC,-15.00422592918092
